4.070400e+03,8.116000e+02,4.912234e+02,3.216169e+01,        9
     1452,3.784000e+02,4.562106e+02,4.388020e+01,        9
5.456000e+02,2.876000e+02,4.329568e+02,5.845685e+01,        9
7.272000e+02,4.320000e+02,4.779212e+02,4.626146e+01,        9
7.544000e+02,3.724000e+02,4.634509e+02,8.256199e+01,        9
8.136000e+02,4.416000e+02,4.648335e+02,3.814239e+01,        9
2.419200e+03,9.292000e+02,5.088267e+02,1.327651e+01,        9
1.480800e+03,4.216000e+02,4.731978e+02,4.382785e+01,        9
6.584000e+02,2.120000e+02,4.140833e+02,1.045955e+02,        9
4.336000e+02,3.696000e+02,4.584348e+02,6.318012e+01,        9
3.328000e+02,2.908000e+02,4.247177e+02,6.148190e+01,        9
2.748000e+02,2.972000e+02,4.325990e+02,6.404024e+01,        9
3.348000e+02,3.104000e+02,4.365909e+02,6.509887e+01,        9
8.192000e+02,5.212000e+02,4.855566e+02,3.728066e+01,        9
4.744000e+02,      250,4.155292e+02,6.507719e+01,        9
6.576000e+02,4.628000e+02,4.798674e+02,4.346742e+01,        9
4.584000e+02,2.956000e+02,4.225840e+02,7.431152e+01,        9
1.708800e+03,7.620000e+02,5.036988e+02,3.637517e+01,        9
6.292000e+02,2.808000e+02,4.357171e+02,6.907315e+01,        9
6.396000e+02,5.216000e+02,4.985299e+02,2.992926e+01,        9
1.974800e+03,7.528000e+02,5.151329e+02,3.939317e+01,        9
6.380000e+02,2.440000e+02,4.128395e+02,6.215728e+01,        9
2.980000e+02,2.988000e+02,4.241696e+02,6.852679e+01,        9
3.292000e+02,3.692000e+02,4.525146e+02,4.651129e+01,        9
3.560000e+02,2.300000e+02,4.175698e+02,9.359869e+01,        9
2.996000e+02,3.808000e+02,4.476947e+02,5.630623e+01,        9
4.944000e+02,3.792000e+02,4.577700e+02,5.125030e+01,        9
1.164000e+03,6.432000e+02,5.021336e+02,2.704863e+01,        9
6.132000e+02,2.880000e+02,4.427935e+02,5.810180e+01,        9
6.760000e+02,4.956000e+02,4.811638e+02,3.605564e+01,        9
8.432000e+02,5.256000e+02,4.825239e+02,4.480908e+01,        9
4.988000e+02,2.524000e+02,4.391157e+02,8.137729e+01,        9
9.136000e+02,6.148000e+02,4.982373e+02,3.261898e+01,        9
6.552000e+02,3.624000e+02,4.528819e+02,5.233916e+01,        9
7.540000e+02,5.216000e+02,4.937258e+02,3.792300e+01,        9
8.048000e+02,4.420000e+02,4.773364e+02,3.543634e+01,        9
2.087600e+03,9.284000e+02,5.186450e+02,1.916668e+01,        9
6.412000e+02,2.136000e+02,4.101577e+02,8.976424e+01,        9
1.981200e+03,8.096000e+02,5.300786e+02,3.705184e+01,        9
7.748000e+02,4.024000e+02,4.883452e+02,4.552650e+01,        9
1.147200e+03,5.224000e+02,4.680041e+02,2.703275e+01,        9
5.380000e+02,4.036000e+02,4.692102e+02,3.471841e+01,        9
1.628400e+03,7.744000e+02,5.233479e+02,2.622965e+01,        9
2.401200e+03,9.944000e+02,5.140390e+02,7.120900e+00,        9
1.732400e+03,5.836000e+02,4.823826e+02,2.723041e+01,        9
8.128000e+02,3.992000e+02,4.578711e+02,5.158459e+01,        9
7.516000e+02,4.992000e+02,4.784567e+02,4.057077e+01,        9
1.026800e+03,5.076000e+02,4.768365e+02,4.080538e+01,        9
3.252000e+02,2.316000e+02,4.148349e+02,8.712611e+01,        9
2.696000e+02,2.684000e+02,4.380175e+02,9.847677e+01,        9
3.564000e+02,3.720000e+02,4.521165e+02,5.211114e+01,        9
1.405200e+03,6.704000e+02,5.051837e+02,1.957779e+01,        9
3.565600e+03,1.135600e+03,5.239139e+02,2.042188e+01,        9
1.506800e+03,4.624000e+02,4.674442e+02,4.051005e+01,        9
1.298800e+03,6.224000e+02,4.866721e+02,3.069359e+01,        9
5.824000e+02,3.380000e+02,4.538049e+02,5.314523e+01,        9
4.792000e+02,3.424000e+02,4.535714e+02,5.183432e+01,        9
5.472000e+02,4.324000e+02,4.787050e+02,4.646668e+01,        9
6.704000e+02,4.860000e+02,4.899496e+02,4.110268e+01,        9
2.006400e+03,9.556000e+02,5.236539e+02,1.226727e+01,        9
1.818000e+03,5.892000e+02,4.802784e+02,2.768767e+01,        9
8.900000e+02,4.772000e+02,4.841215e+02,3.764758e+01,        9
4.648000e+02,3.448000e+02,4.542147e+02,4.697585e+01,        9
2.708000e+02,2.532000e+02,4.242361e+02,7.808731e+01,        9
1.040000e+03,6.448000e+02,5.063818e+02,3.368147e+01,        9
4.860000e+02,2.652000e+02,4.408020e+02,7.999799e+01,        9
4.792000e+02,4.168000e+02,4.759128e+02,3.857151e+01,        9
4.372000e+02,3.240000e+02,4.410326e+02,5.833524e+01,        9
5.740000e+02,4.772000e+02,4.714940e+02,3.366527e+01,        9
4.248000e+02,3.092000e+02,4.398297e+02,4.590546e+01,        9
4.024400e+03,8.124000e+02,4.857597e+02,2.398580e+01,        9
1.455600e+03,3.896000e+02,4.617992e+02,4.493803e+01,        9
6.172000e+02,2.912000e+02,4.342160e+02,5.728176e+01,        9
7.036000e+02,4.500000e+02,4.818944e+02,4.553145e+01,        9
9.068000e+02,4.056000e+02,4.785628e+02,6.091050e+01,        9
7.504000e+02,4.284000e+02,4.719896e+02,4.998282e+01,        9
2.190000e+03,8.200000e+02,5.145564e+02,2.594050e+01,        9
1.343200e+03,5.356000e+02,4.880417e+02,3.421312e+01,        9
4.016000e+02,2.476000e+02,4.244652e+02,7.540740e+01,        9
2.612000e+02,2.940000e+02,4.176321e+02,6.221462e+01,        9
2.384000e+02,2.816000e+02,4.211555e+02,6.866177e+01,        9
3.460000e+02,3.096000e+02,4.395826e+02,6.576971e+01,        9
1.780000e+03,7.760000e+02,5.172769e+02,1.980039e+01,        9
1.046400e+03,4.972000e+02,4.849970e+02,4.196473e+01,        9
4.996000e+02,1.880000e+02,4.132341e+02,1.278695e+02,        9
4.420000e+02,3.764000e+02,4.527178e+02,4.597772e+01,        9
3.188000e+02,2.820000e+02,4.235649e+02,5.966677e+01,        9
8.648000e+02,5.688000e+02,4.877878e+02,2.864969e+01,        9
5.084000e+02,2.804000e+02,4.462596e+02,6.557475e+01,        9
2.652000e+03,1.082800e+03,5.325512e+02,1.395498e+01,        9
2.307600e+03,6.248000e+02,4.731013e+02,3.039064e+01,        9
5.512000e+02,1.836000e+02,4.225131e+02,1.173122e+02,        9
4.608000e+02,1.432000e+02,3.871455e+02,1.673799e+02,        9
4.424000e+02,2.408000e+02,4.465402e+02,8.532046e+01,        9
9.732000e+02,6.056000e+02,5.065113e+02,3.205231e+01,        9
2.986000e+03,1.070000e+03,5.177139e+02,1.917308e+01,        9
4.468000e+02,1.524000e+02,3.636395e+02,9.860749e+01,        9
5.950000e+03,1.047600e+03,5.169867e+02,1.252681e+01,        9
8.392000e+02,3.724000e+02,4.698370e+02,5.280136e+01,        9
9.680000e+02,6.104000e+02,5.042393e+02,3.626046e+01,        9
4.696000e+02,2.888000e+02,4.602374e+02,5.808506e+01,        9
7.728000e+02,5.036000e+02,4.912259e+02,5.744955e+01,        9
1.254800e+03,6.420000e+02,4.911101e+02,1.491908e+01,        9
5.792000e+02,3.560000e+02,4.676471e+02,4.232225e+01,        9
6.824000e+02,5.256000e+02,4.829690e+02,3.006853e+01,        9
1.369200e+03,6.800000e+02,5.030276e+02,3.751784e+01,        9
8.752000e+02,4.192000e+02,4.757913e+02,3.398313e+01,        9
3.948000e+02,3.160000e+02,4.474131e+02,5.082709e+01,        9
2.038000e+03,9.608000e+02,5.044280e+02,1.721132e+01,        9
6.908800e+03,1.276400e+03,5.298496e+02,7.794342e+00,        9
1.613200e+03,4.468000e+02,4.584001e+02,2.712826e+01,        9
9.464000e+02,5.244000e+02,4.746363e+02,2.349409e+01,        9
4.372000e+02,2.848000e+02,4.260812e+02,6.110978e+01,        9
2.432000e+02,2.836000e+02,4.228154e+02,7.169885e+01,        9
2.252000e+02,3.012000e+02,4.073675e+02,7.278402e+01,        9
2.764000e+02,3.076000e+02,4.276650e+02,5.422444e+01,        9
7.288000e+02,5.696000e+02,4.845369e+02,2.268549e+01,        9
7.840000e+02,4.480000e+02,4.558277e+02,2.699089e+01,        9
2.161200e+03,9.852000e+02,5.248195e+02,1.290262e+01,        9
4.125600e+03,1.116800e+03,5.165272e+02,1.968439e+01,        9
1.392000e+03,4.164000e+02,4.611811e+02,3.861112e+01,        9
9.924000e+02,3.020000e+02,4.486516e+02,5.320992e+01,        9
3.466400e+03,9.704000e+02,5.140157e+02,1.798768e+01,        9
1.462800e+03,5.780000e+02,4.961671e+02,2.613983e+01,        9
4.056800e+03,8.096000e+02,4.879446e+02,1.969422e+01,        9
3.668400e+03,8.232000e+02,5.087535e+02,2.773686e+01,        9
1.696800e+03,5.368000e+02,4.824689e+02,2.705478e+01,        9
7.544000e+02,3.504000e+02,4.477558e+02,5.352360e+01,        9
3.080000e+02,2.348000e+02,4.144405e+02,8.949348e+01,        9
1.193600e+03,6.128000e+02,4.895696e+02,3.840437e+01,        9
6.768000e+02,2.580000e+02,4.294128e+02,8.188881e+01,        9
8.020000e+02,5.164000e+02,4.760661e+02,4.095878e+01,        9
6.396000e+02,3.788000e+02,4.301717e+02,8.246240e+01,        9
2.684000e+02,3.120000e+02,4.354975e+02,7.130214e+01,        9
2.148000e+02,2.916000e+02,4.178938e+02,8.961797e+01,        9
2.572000e+02,2.972000e+02,4.260947e+02,7.039160e+01,        9
9.152000e+02,6.328000e+02,4.993760e+02,2.805558e+01,        9
4.564000e+02,1.992000e+02,4.192960e+02,1.050298e+02,        9
6.460000e+02,5.096000e+02,4.806964e+02,4.549835e+01,        9
7.220000e+02,3.900000e+02,4.508755e+02,4.450623e+01,        9
2.235200e+03,9.932000e+02,5.194036e+02,2.421062e+01,        9
1.445200e+03,4.744000e+02,4.776073e+02,3.443110e+01,        9
1.737600e+03,7.248000e+02,4.944957e+02,1.935740e+01,        9
9.448000e+02,4.228000e+02,4.653426e+02,3.795835e+01,        9
4.936000e+02,3.448000e+02,4.660909e+02,5.123518e+01,        9
2.563600e+03,1.043600e+03,5.231561e+02,1.163746e+01,        9
1.904800e+03,5.760000e+02,4.776217e+02,3.235250e+01,        9
5.220000e+02,3.160000e+02,4.616675e+02,5.653540e+01,        9
3.592000e+02,2.104000e+02,4.085342e+02,9.243322e+01,        9
5.172000e+02,4.568000e+02,4.603157e+02,4.930502e+01,        9
3.580000e+02,2.908000e+02,4.201188e+02,7.369105e+01,        9
4.712000e+02,4.360000e+02,4.664574e+02,3.843238e+01,        9
5.020000e+02,3.500000e+02,4.593146e+02,4.934167e+01,        9
8.824000e+02,5.688000e+02,5.011264e+02,2.001870e+01,        9
4.928000e+02,3.180000e+02,4.458355e+02,5.118958e+01,        9
2.608000e+02,2.908000e+02,4.105190e+02,6.277202e+01,        9
2.400000e+02,2.868000e+02,4.226673e+02,6.659610e+01,        9
2.028800e+03,9.900000e+02,5.191671e+02,1.841265e+01,        9
1.800000e+03,5.096000e+02,4.772704e+02,5.770493e+01,        9
2.642400e+03,1.009200e+03,5.073295e+02,1.546018e+01,        9
1.378800e+03,4.592000e+02,4.687527e+02,3.804237e+01,        9
6.448000e+02,1.788000e+02,4.250924e+02,1.164612e+02,        9
3.684000e+02,2.740000e+02,4.343287e+02,7.468026e+01,        9
4.536000e+02,3.160000e+02,4.263015e+02,7.368927e+01,        9
4.624000e+02,4.348000e+02,4.643215e+02,3.718927e+01,        9
3.616000e+02,1.912000e+02,3.808900e+02,1.245260e+02,        9
3.048000e+02,3.816000e+02,4.496984e+02,4.260901e+01,        9
8.812000e+02,5.296000e+02,4.853732e+02,3.599046e+01,        9
7.868000e+02,4.576000e+02,4.406998e+02,4.743968e+01,        9
2.832000e+02,2.640000e+02,4.113787e+02,1.053407e+02,        9
4.188000e+02,3.808000e+02,4.650216e+02,4.540899e+01,        9
4.864000e+02,4.116000e+02,4.561037e+02,4.712245e+01,        9
3.012000e+02,2.928000e+02,4.108791e+02,8.518138e+01,        9
3.756000e+02,3.644000e+02,4.607049e+02,6.348583e+01,        9
2.240800e+03,1.052800e+03,5.211938e+02,1.201590e+01,        9
2.974000e+03,7.944000e+02,4.807441e+02,3.346998e+01,        9
6.020000e+02,2.960000e+02,4.312520e+02,6.333980e+01,        9
5.176000e+02,4.112000e+02,4.623249e+02,4.258276e+01,        9
6.464000e+02,3.384000e+02,4.422297e+02,5.381535e+01,        9
5.636000e+02,4.328000e+02,4.612286e+02,4.503064e+01,        9
4.308000e+02,3.588000e+02,4.209940e+02,6.393960e+01,        9
2.012000e+02,2.940000e+02,4.069312e+02,7.229478e+01,        9
2.484000e+02,3.244000e+02,4.214336e+02,6.390113e+01,        9
2.280000e+02,3.092000e+02,4.202995e+02,6.651580e+01,        9
2.184000e+02,2.836000e+02,4.235112e+02,7.174582e+01,        9
1.797600e+03,9.716000e+02,5.285852e+02,2.211962e+01,        9
8.044000e+02,2.624000e+02,4.303613e+02,8.959692e+01,        9
8.084000e+02,3.056000e+02,4.383875e+02,9.181204e+01,        9
5.704000e+02,1.964000e+02,4.208159e+02,1.050578e+02,        9
3.008000e+02,3.068000e+02,4.003975e+02,1.812853e+02,        9
4.184000e+02,4.564000e+02,4.689058e+02,4.236664e+01,        9
3.708000e+02,3.272000e+02,4.459393e+02,5.885015e+01,        9
2.214000e+03,1.026400e+03,5.224911e+02,1.054723e+01,        9
2.310000e+03,6.480000e+02,4.818570e+02,1.632869e+01,        9
4.324000e+02,1.904000e+02,4.270703e+02,7.604562e+01,        9
4.400000e+02,1.804000e+02,4.083452e+02,9.263213e+01,        9
3.998800e+03,8.136000e+02,4.738411e+02,2.504437e+01,        9
1.294800e+03,3.256000e+02,4.329980e+02,6.749939e+01,        9
1.219200e+03,5.316000e+02,4.780708e+02,3.820674e+01,        9
6.944000e+02,3.028000e+02,4.351644e+02,6.117544e+01,        9
1.886400e+03,6.836000e+02,4.828067e+02,3.635968e+01,        9
1.516400e+03,6.276000e+02,4.902991e+02,2.703392e+01,        9
9.788000e+02,4.648000e+02,4.809420e+02,4.590794e+01,        9
1.376400e+03,6.256000e+02,4.921929e+02,3.297502e+01,        9
5.344000e+02,3.052000e+02,4.529563e+02,5.729772e+01,        9
5.176000e+02,3.136000e+02,4.497057e+02,5.551314e+01,        9
1.622000e+03,7.308000e+02,5.078507e+02,2.027158e+01,        9
1.434400e+03,5.824000e+02,4.781707e+02,3.964994e+01,        9
1.257600e+03,6.036000e+02,4.886882e+02,2.356374e+01,        9
4.720000e+02,2.968000e+02,4.584585e+02,6.430695e+01,        9
6.880000e+02,5.380000e+02,4.920170e+02,2.332592e+01,        9
1.299600e+03,6.232000e+02,4.967257e+02,1.963787e+01,        9
7.580000e+02,4.160000e+02,4.605112e+02,3.827431e+01,        9
3.156000e+02,2.388000e+02,4.212807e+02,7.272045e+01,        9
9.588000e+02,6.100000e+02,4.852565e+02,2.953307e+01,        9
9.308000e+02,5.004000e+02,4.696721e+02,3.530606e+01,        9
5.744000e+02,3.928000e+02,4.712426e+02,4.603995e+01,        9
1.994400e+03,9.804000e+02,5.148517e+02,1.197348e+01,        9
1.695600e+03,5.180000e+02,4.717826e+02,4.040729e+01,        9
7.400000e+02,3.444000e+02,4.642206e+02,5.430323e+01,        9
5.704000e+02,4.120000e+02,4.671878e+02,5.373662e+01,        9
5.392000e+02,4.484000e+02,4.733652e+02,4.138051e+01,        9
5.056000e+02,3.752000e+02,4.665128e+02,5.557968e+01,        9
5.096000e+02,4.156000e+02,4.637684e+02,4.290136e+01,        9
2.640000e+02,2.724000e+02,4.081080e+02,7.132339e+01,        9
2.812000e+02,3.236000e+02,4.248311e+02,4.895499e+01,        9
1.961200e+03,9.944000e+02,5.140910e+02,1.726941e+01,        9
1.518800e+03,5.372000e+02,4.878975e+02,1.994834e+01,        9
5.352000e+02,2.676000e+02,4.411679e+02,6.974133e+01,        9
1.942800e+03,8.236000e+02,5.109944e+02,1.061104e+01,        9
3.231200e+03,9.760000e+02,5.137049e+02,1.988580e+01,        9
7.088000e+02,3.044000e+02,4.425693e+02,6.681335e+01,        9
7.140000e+02,4.008000e+02,4.526185e+02,4.866010e+01,        9
5.784000e+02,4.844000e+02,4.804216e+02,4.194307e+01,        9
3.632000e+02,2.760000e+02,4.222387e+02,7.947393e+01,        9
2.984000e+02,3.812000e+02,4.490508e+02,4.091163e+01,        9
3.508000e+02,2.820000e+02,4.233970e+02,5.634936e+01,        9
1.688800e+03,8.616000e+02,5.137571e+02,1.947178e+01,        9
1.267600e+03,5.024000e+02,4.854142e+02,3.946662e+01,        9
1.079200e+03,6.156000e+02,4.849225e+02,2.513374e+01,        9
6.832000e+02,3.804000e+02,4.429801e+02,3.033723e+01,        9
1.157600e+03,6.216000e+02,4.773314e+02,1.745681e+01,        9
7.996000e+02,3.128000e+02,4.328767e+02,5.344399e+01,        9
5.376000e+02,4.660000e+02,4.592868e+02,4.142009e+01,        9
1.128400e+03,6.868000e+02,5.041776e+02,2.412048e+01,        9
1.886000e+03,7.664000e+02,5.031089e+02,2.027214e+01,        9
1.426800e+03,6.144000e+02,4.751013e+02,4.331643e+01,        9
3.725200e+03,1.076400e+03,5.305906e+02,1.395552e+01,        9
1.698400e+03,5.660000e+02,4.808208e+02,2.730538e+01,        9
4.844000e+02,3.240000e+02,4.461367e+02,4.644729e+01,        9
5.652000e+02,4.736000e+02,4.729190e+02,1.458374e+01,        9
2.844000e+02,2.436000e+02,4.082830e+02,6.540294e+01,        9
2.584000e+02,3.684000e+02,4.441972e+02,5.786705e+01,        9
2.556000e+02,3.036000e+02,4.269038e+02,6.133170e+01,        9
1.960000e+02,3.172000e+02,4.179376e+02,5.838178e+01,        9
2.592000e+02,3.480000e+02,4.369611e+02,5.764494e+01,        9
3.052000e+02,3.152000e+02,4.343157e+02,5.393865e+01,        9
1.964800e+03,1.030000e+03,5.091725e+02,6.523556e+00,        9
1.460800e+03,5.720000e+02,4.885661e+02,1.651688e+01,        9
3.948800e+03,8.152000e+02,4.871002e+02,1.979158e+01,        9
1.354000e+03,3.508000e+02,4.508126e+02,6.806172e+01,        9
7.348000e+02,3.788000e+02,4.606598e+02,4.914758e+01,        9
4.260000e+02,2.840000e+02,4.459750e+02,7.336656e+01,        9
7.100000e+02,4.072000e+02,4.706546e+02,4.558065e+01,        9
1.157600e+03,4.796000e+02,4.658642e+02,4.528102e+01,        9
4.932000e+02,3.120000e+02,4.414077e+02,6.707152e+01,        9
2.620000e+02,2.936000e+02,4.209991e+02,6.562048e+01,        9
3.508000e+02,3.596000e+02,4.536157e+02,5.424628e+01,        9
4.092000e+02,2.216000e+02,4.117268e+02,9.286102e+01,        9
5.808000e+02,4.508000e+02,4.607175e+02,4.456821e+01,        9
3.256000e+02,2.524000e+02,4.006824e+02,8.652951e+01,        9
1.025200e+03,6.132000e+02,4.943182e+02,3.548388e+01,        9
6.524000e+02,3.332000e+02,4.499348e+02,6.005779e+01,        9
6.116000e+02,4.796000e+02,4.966344e+02,3.492407e+01,        9
2.138000e+03,9.604000e+02,5.127946e+02,1.821058e+01,        9
2.128400e+03,6.116000e+02,4.673367e+02,3.277993e+01,        9
3.972000e+02,2.440000e+02,4.192111e+02,7.422155e+01,        9
1.338400e+03,7.004000e+02,5.027124e+02,3.079941e+01,        9
3.090800e+03,1.056800e+03,5.209609e+02,1.367842e+01,        9
3.616400e+03,9.032000e+02,5.125054e+02,2.104387e+01,        9
2.559200e+03,7.028000e+02,4.964091e+02,2.990172e+01,        9
5.003200e+03,1.107200e+03,5.071244e+02,2.112429e+01,        9
6.676000e+02,2.820000e+02,4.370669e+02,5.428853e+01,        9
4.652000e+02,3.384000e+02,4.597063e+02,5.011808e+01,        9
1.920000e+03,8.200000e+02,5.149441e+02,3.557617e+01,        9
5.188000e+02,2.344000e+02,4.060751e+02,8.689530e+01,        9
2.868000e+02,3.064000e+02,4.329043e+02,8.161653e+01,        9
3.364000e+02,2.560000e+02,4.340422e+02,7.836497e+01,        9
5.736000e+02,3.980000e+02,4.620337e+02,5.604647e+01,        9
3.208000e+02,2.580000e+02,4.107679e+02,1.026126e+02,        9
7.224000e+02,3.956000e+02,4.670393e+02,3.765489e+01,        9
1.121200e+03,6.040000e+02,4.879573e+02,2.620546e+01,        9
4.652000e+02,3.124000e+02,4.466142e+02,5.567526e+01,        9
9.916000e+02,6.100000e+02,5.026318e+02,4.041649e+01,        9
4.916000e+02,3.528000e+02,4.613083e+02,5.351049e+01,        9
2.344000e+02,2.684000e+02,4.187484e+02,7.096436e+01,        9
2.648000e+02,3.876000e+02,4.526590e+02,5.545946e+01,        9
2.512000e+02,3.032000e+02,4.280719e+02,6.194707e+01,        9
4.680000e+02,4.860000e+02,4.917259e+02,2.934674e+01,        9
3.652000e+02,2.528000e+02,4.410124e+02,6.148083e+01,        9
5.596000e+02,5.160000e+02,4.833206e+02,3.682442e+01,        9
3.976000e+02,3.052000e+02,4.292075e+02,5.749189e+01,        9
2.344000e+02,3.420000e+02,4.305055e+02,5.182236e+01,        9
2.644000e+02,3.160000e+02,4.287095e+02,4.873378e+01,        9
2.429200e+03,1.098000e+03,5.264477e+02,6.797510e+00,        9
1.708000e+03,3.140000e+02,4.753258e+02,9.646824e+01,        9
4.087600e+03,1.232000e+03,5.229335e+02,9.195870e+00,        9
6.835200e+03,1.242400e+03,5.295592e+02,1.706936e+01,        9
1.311600e+03,3.324000e+02,4.391839e+02,5.125369e+01,        9
4.496000e+02,2.972000e+02,4.455557e+02,5.410755e+01,        9
4.772000e+02,2.868000e+02,4.257260e+02,6.465370e+01,        9
4.152000e+02,2.476000e+02,4.250872e+02,7.702125e+01,        9
3.264000e+02,1.844000e+02,4.158359e+02,9.718014e+01,        9
4.712000e+02,4.348000e+02,4.534197e+02,3.426698e+01,        9
8.268000e+02,5.676000e+02,4.975954e+02,5.024506e+01,        9
7.112000e+02,2.272000e+02,4.293881e+02,9.708020e+01,        9
5.176000e+02,4.664000e+02,4.403043e+02,5.081505e+01,        9
4.528000e+02,3.440000e+02,4.436924e+02,6.475709e+01,        9
4.988000e+02,5.084000e+02,4.818423e+02,3.735370e+01,        9
4.804000e+02,3.484000e+02,4.431376e+02,4.174330e+01,        9
3.556000e+02,3.288000e+02,4.467588e+02,5.016942e+01,        9
6.132000e+02,5.136000e+02,4.865172e+02,2.670420e+01,        9
4.014000e+03,8.050000e+02,4.856878e+02,2.150933e+01,        9
1.510000e+03,3.980000e+02,4.533107e+02,4.215566e+01,        9
1.003000e+03,4.750000e+02,4.883076e+02,6.274685e+01,        9
8.740000e+02,3.820000e+02,4.751850e+02,6.201833e+01,        9
4.460000e+02,2.960000e+02,4.456254e+02,5.449888e+01,        9
2.455000e+03,9.620000e+02,4.894675e+02,1.475583e+01,        9
3.056000e+03,5.880000e+02,4.817090e+02,5.372383e+01,        9
5.280000e+02,3.010000e+02,4.529135e+02,7.065873e+01,        9
2.031000e+03,8.530000e+02,5.100771e+02,2.325406e+01,        9
1.337000e+03,5.440000e+02,4.763054e+02,3.085098e+01,        9
5.350000e+02,3.090000e+02,4.476166e+02,4.395226e+01,        9
4.350000e+02,4.050000e+02,4.711501e+02,4.538833e+01,        9
7.140000e+02,4.690000e+02,4.885412e+02,5.511471e+01,        9
6.600000e+02,3.130000e+02,4.574487e+02,6.031118e+01,        9
4.860000e+02,2.680000e+02,4.396768e+02,4.930508e+01,        9
4.030000e+02,3.930000e+02,4.550496e+02,3.494181e+01,        9
5.560000e+02,4.230000e+02,4.622122e+02,2.715346e+01,        9
9.300000e+02,5.790000e+02,4.917136e+02,2.463322e+01,        9
2.190000e+03,9.380000e+02,5.007913e+02,2.051103e+01,        9
1.393000e+03,4.480000e+02,4.660514e+02,3.603557e+01,        9
6.410000e+02,3.810000e+02,4.686393e+02,5.540833e+01,        9
4.270000e+02,2.770000e+02,4.269619e+02,5.226981e+01,        9
1.198000e+03,5.960000e+02,4.862994e+02,3.128663e+01,        9
1.342000e+03,6.040000e+02,4.800801e+02,2.726713e+01,        9
2.473000e+03,1.007000e+03,5.105238e+02,1.052578e+01,        9
5.944000e+03,1.218000e+03,5.248220e+02,7.180192e+00,        9
9.241000e+03,1.249000e+03,5.278359e+02,7.008224e+00,        9
1.442000e+03,4.680000e+02,4.665634e+02,4.527279e+01,        9
1.821000e+03,6.350000e+02,4.741733e+02,3.060942e+01,        9
7.450000e+02,3.180000e+02,4.456071e+02,8.438478e+01,        9
2.900000e+02,1.990000e+02,4.046095e+02,1.151702e+02,        9
3.740000e+02,4.010000e+02,4.475123e+02,4.193094e+01,        9
4.960000e+02,4.710000e+02,4.746770e+02,3.467432e+01,        9
1.220000e+03,7.220000e+02,5.025256e+02,1.567429e+01,        9
1.582000e+03,7.540000e+02,5.007638e+02,1.940360e+01,        9
6.470000e+02,3.580000e+02,4.590405e+02,4.676486e+01,        9
5.710000e+02,2.920000e+02,4.515610e+02,6.404925e+01,        9
7.630000e+02,4.980000e+02,4.727880e+02,4.193542e+01,        9
1.012000e+03,5.720000e+02,4.893039e+02,3.045606e+01,        9
5.840000e+02,3.780000e+02,4.553963e+02,4.483653e+01,        9
4.570000e+02,3.710000e+02,4.482802e+02,4.546960e+01,        9
7.140000e+02,4.970000e+02,4.687902e+02,2.935891e+01,        9
3.020000e+02,2.730000e+02,4.249202e+02,7.670277e+01,        9
2.880000e+02,2.090000e+02,4.025126e+02,1.110801e+02,        9
5.550000e+02,4.880000e+02,4.600258e+02,4.887787e+01,        9
2.860000e+02,1.990000e+02,3.970138e+02,1.332619e+02,        9
4.200000e+02,4.360000e+02,4.697416e+02,4.929555e+01,        9
2.700000e+02,2.490000e+02,4.165325e+02,8.501645e+01,        9
5.220000e+02,4.720000e+02,4.684506e+02,3.164212e+01,        9
2.057000e+03,1.002000e+03,5.201997e+02,1.086784e+01,        9
2.731000e+03,7.770000e+02,5.095018e+02,2.188928e+01,        9
5.910000e+02,3.150000e+02,4.505394e+02,4.890608e+01,        9
3.950000e+02,3.770000e+02,4.517551e+02,5.317583e+01,        9
3.100000e+02,2.540000e+02,4.317860e+02,7.899508e+01,        9
4.800000e+02,3.920000e+02,4.545337e+02,5.991250e+01,        9
5.090000e+02,3.130000e+02,4.371819e+02,4.937681e+01,        9
1.129000e+03,6.480000e+02,5.093418e+02,2.922612e+01,        9
4.004000e+03,8.130000e+02,4.820738e+02,4.077141e+01,        9
1.531000e+03,4.040000e+02,4.626181e+02,4.736749e+01,        9
      750,3.000000e+02,4.569647e+02,7.486284e+01,        9
6.980000e+02,4.130000e+02,4.693858e+02,5.018122e+01,        9
4.460000e+02,2.560000e+02,4.303537e+02,6.249905e+01,        9
9.910000e+02,5.550000e+02,4.856084e+02,3.749247e+01,        9
5.790000e+02,2.940000e+02,4.287564e+02,6.183328e+01,        9
5.510000e+02,3.960000e+02,4.625618e+02,4.141260e+01,        9
2.231000e+03,9.300000e+02,4.989700e+02,1.489644e+01,        9
3.269000e+03,8.020000e+02,4.958210e+02,1.094096e+01,        9
1.025000e+03,4.210000e+02,4.753048e+02,3.926350e+01,        9
4.470000e+02,3.010000e+02,4.327702e+02,5.229131e+01,        9
3.080000e+02,3.150000e+02,4.368337e+02,5.811087e+01,        9
1.226000e+03,      625,4.895064e+02,3.814746e+01,        9
1.350000e+03,6.360000e+02,4.951427e+02,2.889064e+01,        9
5.290000e+02,2.960000e+02,4.476905e+02,4.961556e+01,        9
3.190000e+02,3.250000e+02,4.522475e+02,5.715478e+01,        9
6.870000e+02,4.530000e+02,4.722210e+02,3.684646e+01,        9
1.286000e+03,6.740000e+02,5.026888e+02,2.522218e+01,        9
2.882000e+03,1.066000e+03,5.177037e+02,1.084184e+01,        9
6.720000e+02,1.810000e+02,4.248755e+02,1.002815e+02,        9
3.770000e+02,2.510000e+02,4.154123e+02,7.411360e+01,        9
2.513000e+03,5.810000e+02,4.758657e+02,5.457748e+01,        9
5.440000e+02,2.460000e+02,4.176161e+02,6.427459e+01,        9
1.554000e+03,7.920000e+02,5.054670e+02,1.789329e+01,        9
5.960000e+02,3.130000e+02,4.511389e+02,4.033613e+01,        9
4.680000e+02,4.490000e+02,4.675043e+02,4.380663e+01,        9
7.040000e+02,4.750000e+02,4.654783e+02,4.113872e+01,        9
3.740000e+02,3.300000e+02,4.416642e+02,4.555839e+01,        9
7.870000e+02,5.370000e+02,4.933149e+02,3.595659e+01,        9
1.707000e+03,7.700000e+02,5.241368e+02,1.759081e+01,        9
2.649000e+03,1.035000e+03,5.145956e+02,1.199329e+01,        9
1.093000e+03,2.630000e+02,4.000872e+02,8.177827e+01,        9
6.403000e+03,1.340000e+03,5.255257e+02,1.961250e+01,        9
3.525000e+03,3.320000e+02,4.176328e+02,1.164964e+02,        9
1.834000e+03,6.240000e+02,4.703102e+02,2.239958e+01,        9
3.110000e+02,2.400000e+02,4.035650e+02,7.910225e+01,        9
1.247000e+03,6.830000e+02,4.921257e+02,2.291871e+01,        9
7.320000e+02,3.800000e+02,4.612892e+02,5.976506e+01,        9
1.588000e+03,7.560000e+02,5.056907e+02,2.107784e+01,        9
6.420000e+02,3.390000e+02,4.505730e+02,5.253918e+01,        9
3.880000e+02,3.070000e+02,4.462399e+02,5.872879e+01,        9
4.140000e+02,1.870000e+02,4.254356e+02,9.419718e+01,        9
3.960000e+02,2.490000e+02,4.295764e+02,1.581638e+02,        9
9.000000e+02,6.080000e+02,4.880749e+02,3.474905e+01,        9
2.143000e+03,8.520000e+02,5.148303e+02,3.601159e+01,        9
7.930000e+02,2.890000e+02,4.522322e+02,6.227739e+01,        9
6.080000e+02,      375,4.576209e+02,4.517581e+01,        9
5.210000e+02,3.540000e+02,4.521933e+02,5.931487e+01,        9
4.650000e+02,3.630000e+02,4.521393e+02,3.603640e+01,        9
1.229000e+03,6.730000e+02,4.966734e+02,3.834844e+01,        9
2.914000e+03,1.089000e+03,5.193028e+02,9.639543e+00,        9
1.661000e+03,5.500000e+02,4.668304e+02,2.441921e+01,        9
6.530000e+02,3.250000e+02,4.435026e+02,5.041719e+01,        9
4.150000e+02,3.520000e+02,4.314184e+02,4.741775e+01,        9
4.310000e+02,3.630000e+02,4.407052e+02,5.624670e+01,        9
5.710000e+02,4.760000e+02,4.756552e+02,3.896123e+01,        9
3.880000e+02,3.070000e+02,4.513473e+02,6.224572e+01,        9
1.784000e+03,2.940000e+02,4.955463e+02,1.151138e+02,        9
5.050000e+02,2.060000e+02,4.128615e+02,1.189304e+02,        9
2.210000e+02,2.610000e+02,4.046876e+02,1.028961e+02,        9
2.990000e+02,2.510000e+02,4.216435e+02,9.797863e+01,        9
3.430000e+02,3.020000e+02,4.421882e+02,6.464377e+01,        9
3.010000e+02,2.670000e+02,4.135435e+02,8.079328e+01,        9
3.440000e+02,2.820000e+02,3.985022e+02,8.719845e+01,        9
3.090000e+02,3.160000e+02,4.089421e+02,7.141707e+01,        9
4.150000e+02,3.010000e+02,4.372556e+02,6.625308e+01,        9
2.177000e+03,9.000000e+02,5.047440e+02,1.785188e+01,        9
1.452000e+03,4.190000e+02,4.528658e+02,3.880891e+01,        9
6.100000e+02,3.150000e+02,4.443720e+02,4.274832e+01,        9
7.170000e+02,4.290000e+02,4.633916e+02,3.795211e+01,        9
7.580000e+02,3.820000e+02,4.405220e+02,5.515396e+01,        9
9.880000e+02,5.280000e+02,4.832738e+02,3.752852e+01,        9
6.810000e+02,4.000000e+02,4.687550e+02,3.181101e+01,        9
4.460000e+02,3.090000e+02,4.376658e+02,5.101546e+01,        9
3.520000e+02,2.840000e+02,4.396860e+02,5.810179e+01,        9
7.250000e+02,4.590000e+02,4.718534e+02,4.782898e+01,        9
4.700000e+02,3.180000e+02,4.260147e+02,4.960421e+01,        9
1.260000e+03,7.030000e+02,4.895453e+02,1.996723e+01,        9
1.812000e+03,6.920000e+02,5.061440e+02,1.917250e+01,        9
8.700000e+02,4.110000e+02,4.590399e+02,3.323657e+01,        9
3.380000e+02,2.060000e+02,3.993525e+02,1.133683e+02,        9
1.319000e+03,7.430000e+02,5.129430e+02,2.018540e+01,        9
5.620000e+02,2.550000e+02,4.208678e+02,7.040934e+01,        9
7.990000e+02,5.420000e+02,4.846341e+02,2.861560e+01,        9
4.410000e+02,2.690000e+02,4.416299e+02,6.127097e+01,        9
9.110000e+02,6.010000e+02,5.036826e+02,2.595774e+01,        9
5.090000e+02,3.100000e+02,4.329057e+02,5.064536e+01,        9
3.190000e+02,3.100000e+02,4.375148e+02,5.561249e+01,        9
3.140000e+02,3.260000e+02,4.375059e+02,5.419170e+01,        9
1.741000e+03,8.390000e+02,5.097542e+02,1.187665e+01,        9
7.100000e+02,2.950000e+02,4.243490e+02,6.145587e+01,        9
3.190000e+02,3.230000e+02,4.406516e+02,6.563535e+01,        9
3.190000e+02,2.280000e+02,4.402058e+02,9.881464e+01,        9
3.550000e+02,1.580000e+02,4.107272e+02,1.236712e+02,        9
5.110000e+02,3.840000e+02,4.669451e+02,5.438897e+01,        9
2.949000e+03,9.450000e+02,5.174673e+02,3.200593e+01,        9
8.210000e+02,3.650000e+02,4.431427e+02,4.806624e+01,        9
8.370000e+02,4.530000e+02,4.897108e+02,6.458416e+01,        9
5.970000e+02,2.520000e+02,4.355345e+02,6.972957e+01,        9
9.900000e+02,6.180000e+02,4.965155e+02,2.803180e+01,        9
2.358000e+03,9.350000e+02,5.098078e+02,1.343910e+01,        9
6.680000e+02,2.710000e+02,4.433554e+02,5.687622e+01,        9
3.938000e+03,1.037000e+03,5.239931e+02,1.734130e+01,        9
8.350000e+02,2.980000e+02,4.648322e+02,4.936453e+01,        9
1.371000e+03,5.960000e+02,4.811864e+02,3.044814e+01,        9
2.303000e+03,9.110000e+02,5.200451e+02,2.373266e+01,        9
9.230000e+02,3.660000e+02,4.594561e+02,4.924376e+01,        9
4.500000e+02,3.240000e+02,4.289684e+02,5.986557e+01,        9
1.949000e+03,8.760000e+02,5.224653e+02,1.399115e+01,        9
2.108000e+03,7.110000e+02,5.110948e+02,3.215683e+01,        9
6.140000e+02,2.590000e+02,4.449154e+02,7.444015e+01,        9
4.050000e+02,1.820000e+02,4.179828e+02,1.161142e+02,        9
5.460000e+02,4.570000e+02,4.661602e+02,3.510804e+01,        9
5.580000e+02,4.700000e+02,4.802487e+02,3.052637e+01,        9
4.050000e+02,3.550000e+02,4.439419e+02,4.197292e+01,        9
3.350000e+02,3.300000e+02,4.461396e+02,4.313262e+01,        9
7.180000e+02,5.550000e+02,4.919839e+02,2.672863e+01,        9
6.310000e+02,4.250000e+02,4.786835e+02,4.291285e+01,        9
1.978000e+03,9.960000e+02,5.265868e+02,3.438390e+00,        9
2.371000e+03,7.480000e+02,4.964189e+02,2.149179e+01,        9
9.170000e+02,4.280000e+02,4.635988e+02,4.824167e+01,        9
1.154000e+03,4.820000e+02,4.693516e+02,4.166241e+01,        9
2.712000e+03,8.780000e+02,4.988035e+02,1.482011e+01,        9
1.257000e+03,5.220000e+02,4.747912e+02,4.881783e+01,        9
2.015000e+03,8.640000e+02,5.146425e+02,2.320725e+01,        9
3.917000e+03,8.160000e+02,4.774995e+02,2.583593e+01,        9
1.438000e+03,3.730000e+02,4.655288e+02,5.364136e+01,        9
4.140000e+02,2.120000e+02,4.016650e+02,1.043165e+02,        9
3.460000e+02,3.220000e+02,4.396986e+02,6.075607e+01,        9
2.940000e+02,2.430000e+02,4.151713e+02,7.718923e+01,        9
4.440000e+02,3.620000e+02,4.599054e+02,5.405122e+01,        9
4.910000e+02,3.080000e+02,4.384385e+02,5.804040e+01,        9
2.870000e+02,2.960000e+02,4.189106e+02,5.553894e+01,        9
2.718000e+03,1.030000e+03,5.149139e+02,1.330203e+01,        9
2.382000e+03,6.230000e+02,4.859494e+02,3.157285e+01,        9
1.239000e+03,5.310000e+02,4.807997e+02,2.388229e+01,        9
1.427000e+03,6.910000e+02,4.999278e+02,2.506910e+01,        9
6.540000e+02,3.260000e+02,4.574424e+02,5.083159e+01,        9
4.740000e+02,3.790000e+02,4.678218e+02,4.514408e+01,        9
5.350000e+02,3.780000e+02,4.679529e+02,4.134450e+01,        9
5.100000e+02,3.790000e+02,4.744360e+02,3.474288e+01,        9
2.538000e+03,8.880000e+02,5.116278e+02,1.603924e+01,        9
1.270000e+03,5.210000e+02,4.765231e+02,2.702748e+01,        9
1.626000e+03,8.030000e+02,5.245466e+02,2.051304e+01,        9
9.550000e+02,4.680000e+02,4.938575e+02,2.581581e+01,        9
5.090000e+02,2.430000e+02,4.182915e+02,8.088665e+01,        9
3.240000e+02,2.530000e+02,4.312810e+02,6.288960e+01,        9
2.680000e+02,3.470000e+02,4.334721e+02,4.557966e+01,        9
2.150000e+02,2.590000e+02,4.090203e+02,5.403869e+01,        9
9.410000e+02,6.820000e+02,5.069717e+02,1.865274e+01,        9
5.050000e+02,2.380000e+02,4.279323e+02,5.472884e+01,        9
7.950000e+02,5.340000e+02,4.833978e+02,2.934146e+01,        9
6.730000e+02,4.190000e+02,4.651463e+02,3.789725e+01,        9
3.390000e+02,2.370000e+02,4.344584e+02,7.614429e+01,        9
1.421000e+03,8.130000e+02,5.149822e+02,1.349264e+01,        9
2.431000e+03,8.980000e+02,5.034806e+02,1.465485e+01,        9
7.848000e+03,1.389000e+03,5.203440e+02,3.784240e+01,        9
4.133000e+03,6.270000e+02,4.744122e+02,1.367006e+01,        9
6.680000e+02,3.880000e+02,4.015608e+02,1.271625e+02,        9
3.660000e+02,1.990000e+02,3.652940e+02,1.709260e+02,        9
2.980000e+02,3.160000e+02,4.031059e+02,6.658259e+01,        9
4.310000e+02,2.560000e+02,4.226631e+02,5.916688e+01,        9
2.414000e+03,9.590000e+02,5.020392e+02,1.641520e+01,        9
4.020000e+02,1.720000e+02,3.849823e+02,1.020798e+02,        9
3.290000e+02,2.180000e+02,3.967687e+02,1.300739e+02,        9
4.250000e+02,4.350000e+02,4.324603e+02,3.928473e+01,        9
6.010000e+02,4.600000e+02,4.793060e+02,3.709702e+01,        9
1.459000e+03,7.560000e+02,5.035851e+02,1.232480e+01,        9
9.740000e+02,4.690000e+02,4.779011e+02,3.669688e+01,        9
6.640000e+02,3.230000e+02,4.639875e+02,4.800743e+01,        9
2.210000e+02,9.600000e+01,3.457305e+02,2.308802e+02,        9
5.830000e+02,5.030000e+02,4.684625e+02,2.422434e+01,        9
1.102000e+03,7.110000e+02,5.166758e+02,2.375085e+01,        9
1.040000e+03,5.580000e+02,4.903163e+02,3.449450e+01,        9
3.370000e+02,      250,4.125487e+02,7.783922e+01,        9
1.294000e+03,7.460000e+02,5.168594e+02,1.999523e+01,        9
5.600000e+02,2.700000e+02,4.428146e+02,6.678211e+01,        9
4.700000e+02,3.890000e+02,4.605341e+02,3.407985e+01,        9
2.960000e+02,2.670000e+02,4.247431e+02,5.877736e+01,        9
4.900000e+02,4.480000e+02,4.592152e+02,3.412269e+01,        9
3.440000e+02,2.680000e+02,4.306192e+02,6.321962e+01,        9
4.540000e+02,4.470000e+02,4.632491e+02,3.702574e+01,        9
3.480000e+02,2.980000e+02,4.242645e+02,5.599444e+01,        9
8.010000e+02,5.770000e+02,4.792973e+02,3.492337e+01,        9
3.940000e+02,2.980000e+02,4.609685e+02,6.452822e+01,        9
4.810000e+02,4.120000e+02,4.777542e+02,4.694470e+01,        9
3.810000e+02,2.770000e+02,4.480265e+02,5.286704e+01,        9
1.805000e+03,9.970000e+02,5.109341e+02,3.336525e+00,        9
3.905000e+03,8.020000e+02,4.840456e+02,3.281662e+01,        9
1.593000e+03,4.300000e+02,4.751421e+02,4.672807e+01,        9
4.710000e+02,2.110000e+02,4.293809e+02,8.566106e+01,        9
5.350000e+02,3.740000e+02,4.608297e+02,5.353120e+01,        9
5.270000e+02,3.310000e+02,4.433238e+02,5.352496e+01,        9
4.510000e+02,3.070000e+02,4.439882e+02,6.397044e+01,        9
5.680000e+02,4.040000e+02,4.523552e+02,3.680531e+01,        9
4.920000e+02,3.380000e+02,4.378322e+02,5.686661e+01,        9
2.910000e+02,2.660000e+02,4.054122e+02,7.384082e+01,        9
3.690000e+02,3.570000e+02,4.513790e+02,5.458927e+01,        9
8.500000e+02,4.880000e+02,4.778280e+02,4.828274e+01,        9
3.440000e+02,2.760000e+02,4.312251e+02,8.199107e+01,        9
3.330000e+02,2.760000e+02,4.320667e+02,6.561594e+01,        9
8.820000e+02,5.680000e+02,5.019144e+02,2.491022e+01,        9
2.194000e+03,8.330000e+02,5.027014e+02,1.592771e+01,        9
1.579000e+03,5.990000e+02,4.944582e+02,2.564786e+01,        9
3.660000e+02,2.250000e+02,4.109725e+02,8.976259e+01,        9
3.360000e+02,2.370000e+02,4.286091e+02,9.504836e+01,        9
2.930000e+02,3.550000e+02,4.459949e+02,6.392250e+01,        9
4.940000e+02,3.520000e+02,4.288143e+02,6.700094e+01,        9
2.200000e+02,3.090000e+02,4.281518e+02,5.509452e+01,        9
2.920000e+02,3.630000e+02,4.408144e+02,3.203854e+01,        9
2.770000e+02,2.660000e+02,4.094450e+02,7.259886e+01,        9
2.790000e+02,3.800000e+02,4.359996e+02,5.048269e+01,        9
2.190000e+02,2.370000e+02,4.021286e+02,7.657714e+01,        9
7.920000e+02,6.220000e+02,5.004175e+02,3.323005e+01,        9
6.380000e+02,3.940000e+02,4.739944e+02,3.960572e+01,        9
4.700000e+02,3.680000e+02,4.622686e+02,4.954240e+01,        9
3.440000e+02,2.310000e+02,4.089492e+02,1.000408e+02,        9
5.850000e+02,4.960000e+02,4.776948e+02,2.763754e+01,        9
4.140000e+02,2.480000e+02,4.171063e+02,8.404097e+01,        9
6.170000e+02,5.200000e+02,4.718286e+02,3.466151e+01,        9
4.770000e+02,2.670000e+02,4.339679e+02,7.421646e+01,        9
4.080000e+02,4.150000e+02,4.625105e+02,4.736402e+01,        9
3.970000e+02,2.550000e+02,4.191763e+02,7.464207e+01,        9
4.040000e+02,3.940000e+02,4.592880e+02,3.387147e+01,        9
2.570000e+02,2.480000e+02,4.158232e+02,8.664424e+01,        9
4.620000e+02,4.410000e+02,4.598334e+02,2.330787e+01,        9
3.620000e+02,2.910000e+02,4.237371e+02,5.803745e+01,        9
1.793000e+03,9.740000e+02,5.146499e+02,1.000589e+01,        9
9.870000e+02,2.220000e+02,4.138114e+02,8.715031e+01,        9
6.070000e+02,3.070000e+02,4.188606e+02,5.550869e+01,        9
3.003000e+03,1.100000e+03,5.105663e+02,1.730153e+01,        9
1.447000e+03,4.710000e+02,4.723445e+02,3.789954e+01,        9
4.030000e+02,1.640000e+02,4.234952e+02,1.139254e+02,        9
7.350000e+02,4.180000e+02,4.598553e+02,3.714870e+01,        9
5.450000e+02,3.670000e+02,4.549742e+02,4.581285e+01,        9
5.820000e+02,4.720000e+02,4.654538e+02,2.390917e+01,        9
1.166000e+03,6.140000e+02,5.074412e+02,3.970370e+01,        9
1.651000e+03,7.150000e+02,5.125098e+02,1.891147e+01,        9
4.590000e+02,2.170000e+02,4.225660e+02,6.700486e+01,        9
4.300000e+02,3.960000e+02,4.643605e+02,5.121875e+01,        9
4.810000e+02,2.720000e+02,4.285025e+02,6.689736e+01,        9
4.830000e+02,2.640000e+02,4.204780e+02,6.079283e+01,        9
3.330000e+02,3.340000e+02,4.327729e+02,4.193146e+01,        9
5.590000e+02,4.880000e+02,4.800882e+02,3.243707e+01,        9
8.190000e+02,5.240000e+02,4.835241e+02,3.219800e+01,        9
2.053000e+03,9.770000e+02,5.105312e+02,1.164257e+01,        9
1.298000e+03,4.130000e+02,4.660853e+02,3.920346e+01,        9
1.056000e+03,5.660000e+02,4.766817e+02,4.838644e+01,        9
1.042000e+03,4.820000e+02,4.640148e+02,4.719612e+01,        9
1.009000e+03,4.700000e+02,4.844526e+02,3.844540e+01,        9
2.834000e+03,1.067000e+03,5.159782e+02,1.310732e+01,        9
1.314000e+03,3.910000e+02,4.478428e+02,3.580187e+01,        9
1.718000e+03,7.190000e+02,4.897326e+02,2.859240e+01,        9
1.038000e+03,5.630000e+02,4.828021e+02,2.089847e+01,        9
6.280000e+02,3.010000e+02,4.256670e+02,5.742614e+01,        9
5.750000e+02,3.840000e+02,4.530953e+02,3.822345e+01,        9
5.890000e+02,4.450000e+02,4.755545e+02,3.299440e+01,        9
5.240000e+02,3.830000e+02,4.491220e+02,3.958717e+01,        9
3.640000e+02,3.160000e+02,4.374138e+02,5.259315e+01,        9
3.130000e+02,3.210000e+02,4.234150e+02,5.117883e+01,        9
3.410000e+02,3.240000e+02,4.230683e+02,6.157600e+01,        9
3.450000e+02,4.020000e+02,4.474320e+02,4.388396e+01,        9
3.150000e+02,2.980000e+02,4.115267e+02,7.055432e+01,        9
2.200000e+02,3.010000e+02,4.143936e+02,6.916046e+01,        9
5.060000e+02,4.320000e+02,4.595001e+02,4.466467e+01,        9
3.440000e+02,2.550000e+02,4.191991e+02,9.142777e+01,        9
5.600000e+02,5.200000e+02,4.729474e+02,3.318145e+01,        9
4.410000e+02,3.170000e+02,4.475313e+02,4.159176e+01,        9
1.118000e+03,6.880000e+02,5.130555e+02,2.015160e+01,        9
5.630000e+02,2.900000e+02,4.563343e+02,5.293224e+01,        9
7.010000e+02,4.820000e+02,4.916971e+02,4.180003e+01,        9
3.460000e+02,2.810000e+02,4.201808e+02,6.042137e+01,        9
3.971000e+03,8.020000e+02,4.872447e+02,3.217714e+01,        9
1.579000e+03,4.520000e+02,4.715232e+02,4.794833e+01,        9
8.680000e+02,3.530000e+02,4.651616e+02,6.102741e+01,        9
1.047000e+03,5.260000e+02,4.869129e+02,2.666065e+01,        9
5.750000e+02,2.370000e+02,4.361191e+02,6.197191e+01,        9
4.390000e+02,3.310000e+02,4.392432e+02,5.583112e+01,        9
8.720000e+02,5.030000e+02,4.734860e+02,4.089325e+01,        9
4.450000e+02,2.840000e+02,4.225701e+02,6.672553e+01,        9
2.790000e+02,2.920000e+02,4.246211e+02,8.006000e+01,        9
4.640000e+02,3.970000e+02,4.563973e+02,3.988720e+01,        9
4.890000e+02,3.030000e+02,4.355604e+02,5.815822e+01,        9
6.210000e+02,4.610000e+02,4.787636e+02,3.722637e+01,        9
9.000000e+02,5.410000e+02,4.794573e+02,2.646420e+01,        9
9.330000e+02,4.910000e+02,4.712541e+02,3.881943e+01,        9
4.020000e+02,2.900000e+02,4.347886e+02,5.206767e+01,        9
3.150000e+02,3.050000e+02,4.217205e+02,5.749303e+01,        9
2.650000e+02,3.100000e+02,4.267446e+02,4.603369e+01,        9
2.640000e+02,3.060000e+02,4.237574e+02,6.018860e+01,        9
2.220000e+03,8.890000e+02,5.078207e+02,1.130136e+01,        9
1.418000e+03,5.980000e+02,4.897012e+02,2.689540e+01,        9
1.287000e+03,6.400000e+02,4.975441e+02,2.579896e+01,        9
1.384000e+03,6.890000e+02,5.126526e+02,2.904834e+01,        9
7.830000e+02,4.170000e+02,4.814117e+02,3.436807e+01,        9
3.020000e+02,1.600000e+02,3.953623e+02,1.507460e+02,        9
6.310000e+02,5.320000e+02,4.846035e+02,2.402192e+01,        9
3.780000e+02,2.770000e+02,4.444408e+02,5.196075e+01,        9
1.091000e+03,7.160000e+02,5.104185e+02,2.102148e+01,        9
2.594000e+03,1.011000e+03,5.210956e+02,1.264670e+01,        9
6.038000e+03,1.081000e+03,5.221841e+02,9.751068e+00,        9
5.890000e+02,1.750000e+02,4.124368e+02,1.775468e+02,        9
1.072000e+03,4.960000e+02,4.529573e+02,8.508999e+01,        9
9.320000e+02,4.140000e+02,4.555645e+02,4.113082e+01,        9
6.050000e+02,5.040000e+02,4.786151e+02,4.514531e+01,        9
4.390000e+02,3.170000e+02,4.301121e+02,4.406719e+01,        9
1.173000e+03,7.240000e+02,4.879720e+02,2.006299e+01,        9
5.030000e+02,2.900000e+02,4.444366e+02,4.516097e+01,        9
3.310000e+02,3.500000e+02,4.618891e+02,4.953287e+01,        9
3.830000e+02,3.050000e+02,4.458869e+02,4.502659e+01,        9
7.450000e+02,5.010000e+02,4.918493e+02,4.094414e+01,        9
4.990000e+02,3.240000e+02,4.401863e+02,5.221491e+01,        9
4.840000e+02,4.540000e+02,4.665592e+02,2.831711e+01,        9
5.210000e+02,3.980000e+02,4.620631e+02,3.234236e+01,        9
1.937000e+03,9.510000e+02,5.182301e+02,8.687005e+00,        9
1.915000e+03,6.070000e+02,4.932820e+02,2.891664e+01,        9
4.940000e+02,2.940000e+02,4.411478e+02,4.824611e+01,        9
5.260000e+02,3.380000e+02,4.543800e+02,4.193104e+01,        9
1.432000e+03,7.630000e+02,5.169074e+02,1.685380e+01,        9
6.870000e+02,3.150000e+02,4.370460e+02,4.440385e+01,        9
2.820000e+02,2.910000e+02,4.153553e+02,6.200252e+01,        9
2.960000e+02,2.760000e+02,4.100275e+02,6.615520e+01,        9
4.360000e+02,      375,4.415582e+02,4.059582e+01,        9
3.260000e+02,3.270000e+02,4.361302e+02,4.821149e+01,        9
8.960000e+02,6.050000e+02,4.929099e+02,2.997128e+01,        9
1.925000e+03,8.350000e+02,5.120971e+02,1.549856e+01,        9
1.585000e+03,6.580000e+02,5.053403e+02,1.609162e+01,        9
4.850000e+02,2.270000e+02,4.240812e+02,7.721860e+01,        9
4.090000e+02,3.890000e+02,4.625517e+02,5.761083e+01,        9
3.300000e+02,2.160000e+02,4.041783e+02,1.241592e+02,        9
3.830000e+02,4.410000e+02,4.721644e+02,4.376735e+01,        9
4.310000e+02,2.840000e+02,4.367441e+02,7.381028e+01,        9
2.360000e+02,3.180000e+02,4.264037e+02,5.760084e+01,        9
2.650000e+02,3.220000e+02,4.274926e+02,5.776949e+01,        9
5.330000e+02,4.580000e+02,4.661765e+02,3.268699e+01,        9
5.440000e+02,4.290000e+02,4.777688e+02,4.237089e+01,        9
3.090000e+02,2.790000e+02,3.996955e+02,6.367168e+01,        9
3.070000e+02,3.730000e+02,4.451274e+02,4.553648e+01,        9
3.350000e+02,3.090000e+02,4.391309e+02,5.693646e+01,        9
8.800000e+02,6.200000e+02,4.991214e+02,3.439778e+01,        9
3.710000e+02,2.020000e+02,4.052700e+02,1.021975e+02,        9
3.030000e+02,3.380000e+02,4.421535e+02,4.556148e+01,        9
2.550000e+02,2.900000e+02,4.043926e+02,5.572078e+01,        9
6.530000e+02,5.120000e+02,4.701030e+02,2.230042e+01,        9
3.210000e+02,2.200000e+02,3.850618e+02,9.120129e+01,        9
2.560000e+02,3.690000e+02,4.330663e+02,5.414624e+01,        9
2.260000e+02,3.090000e+02,4.007201e+02,5.997985e+01,        9
2.190000e+02,3.490000e+02,4.163004e+02,5.829315e+01,        9
4.000000e+02,3.280000e+02,4.351553e+02,4.895791e+01,        9
9.480000e+02,6.420000e+02,4.996153e+02,2.803036e+01,        9
3.964000e+03,8.130000e+02,4.828017e+02,3.103731e+01,        9
1.459000e+03,3.920000e+02,4.597818e+02,4.372071e+01,        9
5.350000e+02,2.860000e+02,4.235321e+02,5.460830e+01,        9
3.550000e+02,2.840000e+02,4.210015e+02,6.708807e+01,        9
6.990000e+02,4.380000e+02,4.605447e+02,3.880040e+01,        9
4.490000e+02,2.570000e+02,4.096846e+02,7.325422e+01,        9
2.780000e+02,3.010000e+02,4.235404e+02,5.960135e+01,        9
4.870000e+02,4.110000e+02,4.590390e+02,4.001074e+01,        9
7.120000e+02,3.820000e+02,4.559958e+02,5.492515e+01,        9
6.960000e+02,4.480000e+02,4.828323e+02,4.672545e+01,        9
3.730000e+02,2.510000e+02,4.284258e+02,8.236303e+01,        9
5.700000e+02,4.720000e+02,4.867684e+02,3.406350e+01,        9
6.800000e+02,3.990000e+02,4.584697e+02,4.451472e+01,        9
4.340000e+02,3.220000e+02,4.267681e+02,6.521461e+01,        9
2.080000e+02,2.810000e+02,4.067079e+02,6.856813e+01,        9
4.240000e+02,3.990000e+02,4.433010e+02,4.174370e+01,        9
2.810000e+02,2.760000e+02,4.217985e+02,6.553058e+01,        9
8.900000e+02,6.120000e+02,4.989709e+02,2.686185e+01,        9
4.030000e+02,2.220000e+02,4.115057e+02,9.800656e+01,        9
6.850000e+02,4.940000e+02,4.864866e+02,4.678543e+01,        9
2.950000e+02,2.040000e+02,3.932077e+02,1.186718e+02,        9
8.680000e+02,5.910000e+02,4.986852e+02,2.950072e+01,        9
5.540000e+02,3.290000e+02,4.522522e+02,4.347216e+01,        9
4.920000e+02,3.850000e+02,4.480212e+02,3.626299e+01,        9
2.628000e+03,1.061000e+03,5.169944e+02,1.670454e+01,        9
1.357000e+03,4.050000e+02,4.448398e+02,4.266374e+01,        9
5.160000e+02,3.720000e+02,4.540127e+02,4.148529e+01,        9
6.065000e+03,1.255000e+03,5.250421e+02,1.608752e+01,        9
4.190000e+02,7.200000e+01,2.561823e+02,2.759614e+02,        9
7.430000e+02,2.960000e+02,4.442230e+02,4.801103e+01,        9
6.370000e+02,3.320000e+02,4.550728e+02,4.676806e+01,        9
3.157000e+03,1.092000e+03,5.120816e+02,1.453932e+01,        9
1.241000e+03,3.410000e+02,4.452354e+02,6.120242e+01,        9
7.340000e+02,3.510000e+02,4.469201e+02,6.022963e+01,        9
7.940000e+02,4.350000e+02,4.495967e+02,7.804670e+01,        9
1.110000e+03,4.630000e+02,4.532125e+02,4.388533e+01,        9
7.610000e+02,4.170000e+02,4.446511e+02,4.590081e+01,        9
4.740000e+02,4.010000e+02,4.572373e+02,4.772179e+01,        9
7.230000e+02,5.380000e+02,4.878306e+02,4.308400e+01,        9
3.690000e+02,2.350000e+02,3.939619e+02,8.494797e+01,        9
6.600000e+02,5.300000e+02,4.906419e+02,2.577528e+01,        9
8.930000e+02,5.330000e+02,4.813205e+02,1.810291e+01,        9
2.350000e+03,9.040000e+02,5.061988e+02,1.737711e+01,        9
3.344000e+03,1.044000e+03,5.161156e+02,1.044289e+01,        9
3.310000e+03,8.850000e+02,5.084109e+02,1.421381e+01,        9
9.000000e+02,3.950000e+02,4.618411e+02,4.533982e+01,        9
6.520000e+02,4.310000e+02,4.734920e+02,4.180612e+01,        9
2.323000e+03,1.035000e+03,5.139921e+02,5.972120e+00,        9
3.050000e+03,8.550000e+02,5.124235e+02,1.080759e+01,        9
6.830000e+02,2.950000e+02,4.430399e+02,5.563240e+01,        9
4.690000e+02,3.600000e+02,4.483412e+02,4.917531e+01,        9
4.750000e+02,3.660000e+02,4.479364e+02,4.759091e+01,        9
3.210000e+02,3.140000e+02,4.244971e+02,4.620477e+01,        9
1.996000e+03,9.700000e+02,5.088960e+02,4.385634e+00,        9
6.093000e+03,1.210000e+03,5.171515e+02,1.178542e+01,        9
1.556000e+03,3.560000e+02,4.114569e+02,9.268330e+01,        9
4.004000e+03,8.100000e+02,4.762194e+02,2.684153e+01,        9
1.382000e+03,3.590000e+02,4.597517e+02,6.260408e+01,        9
6.500000e+02,3.410000e+02,4.420579e+02,3.318036e+01,        9
3.310000e+02,2.590000e+02,4.070632e+02,6.921266e+01,        9
8.250000e+02,4.420000e+02,4.400095e+02,2.880506e+01,        9
6.890000e+02,3.680000e+02,4.416465e+02,4.282995e+01,        9
7.340000e+02,3.540000e+02,4.344567e+02,4.457117e+01,        9
5.500000e+02,3.900000e+02,4.427741e+02,4.462985e+01,        9
5.300000e+02,3.960000e+02,4.680612e+02,3.368193e+01,        9
3.450000e+02,2.840000e+02,4.230567e+02,7.668147e+01,        9
2.920000e+02,3.050000e+02,4.288686e+02,4.926901e+01,        9
2.220000e+03,9.790000e+02,5.028286e+02,9.292996e+00,        9
2.058000e+03,5.070000e+02,4.619244e+02,2.514866e+01,        9
5.830000e+02,3.540000e+02,4.374388e+02,5.429453e+01,        9
1.079000e+03,6.590000e+02,5.020447e+02,2.959311e+01,        9
6.530000e+02,2.890000e+02,4.320174e+02,5.730350e+01,        9
4.270000e+02,2.630000e+02,4.289457e+02,6.136345e+01,        9
4.640000e+02,3.820000e+02,4.527892e+02,3.971588e+01,        9
3.120000e+02,2.850000e+02,4.141548e+02,6.399860e+01,        9
3.370000e+02,2.970000e+02,4.393523e+02,5.760631e+01,        9
7.550000e+02,5.240000e+02,4.760836e+02,2.609357e+01,        9
1.007000e+03,5.590000e+02,4.797349e+02,2.346335e+01,        9
8.210000e+02,4.050000e+02,4.612069e+02,4.370457e+01,        9
4.930000e+02,4.030000e+02,4.662819e+02,4.031667e+01,        9
1.891000e+03,8.110000e+02,5.080774e+02,1.551985e+01,        9
1.335000e+03,5.420000e+02,4.740400e+02,3.137593e+01,        9
8.760000e+02,5.390000e+02,4.742691e+02,3.048494e+01,        9
5.290000e+02,1.990000e+02,4.080157e+02,1.027436e+02,        9
3.980000e+02,2.820000e+02,4.339456e+02,5.769782e+01,        9
3.600000e+02,3.630000e+02,4.239248e+02,6.320582e+01,        9
2.640000e+02,2.680000e+02,4.020540e+02,8.825910e+01,        9
3.660000e+02,4.180000e+02,4.370100e+02,2.709478e+01,        9
2.092000e+03,1.015000e+03,5.099975e+02,2.955221e+00,        9
6.110000e+03,1.214000e+03,5.185474e+02,1.079183e+01,        9
3.426000e+03,4.480000e+02,4.391179e+02,1.448151e+02,        9
1.985000e+03,6.320000e+02,4.578418e+02,1.913816e+01,        9
3.000000e+02,2.570000e+02,4.052259e+02,7.188079e+01,        9
4.500000e+02,2.900000e+02,4.504447e+02,5.499439e+01,        9
7.270000e+02,6.270000e+02,5.052473e+02,2.841174e+01,        9
5.830000e+02,3.630000e+02,4.560112e+02,5.238302e+01,        9
3.820000e+02,2.750000e+02,4.329092e+02,7.595112e+01,        9
5.240000e+02,4.330000e+02,4.762972e+02,4.175096e+01,        9
1.073000e+03,6.210000e+02,5.029997e+02,2.170705e+01,        9
3.890000e+02,2.810000e+02,4.275437e+02,5.557862e+01,        9
3.010000e+02,3.280000e+02,4.217460e+02,4.076303e+01,        9
4.220000e+02,4.160000e+02,4.622937e+02,2.830148e+01,        9
2.370000e+03,1.054000e+03,5.178894e+02,3.992586e+00,        9
1.473000e+03,4.790000e+02,4.742875e+02,2.718230e+01,        9
2.169000e+03,7.440000e+02,4.874388e+02,4.665261e+01,        9
2.860000e+03,1.092000e+03,5.157806e+02,1.308051e+01,        9
1.139000e+03,3.120000e+02,4.213225e+02,6.350512e+01,        9
5.860000e+02,3.190000e+02,4.089469e+02,5.559308e+01,        9
4.160000e+02,2.250000e+02,4.175798e+02,1.322937e+02,        9
6.580000e+02,1.650000e+02,3.637787e+02,1.063942e+02,        9
3.970000e+02,4.400000e+02,4.424656e+02,4.128712e+01,        9
8.840000e+02,5.540000e+02,4.783392e+02,5.292695e+01,        9
1.589000e+03,7.120000e+02,4.942468e+02,2.569992e+01,        9
2.867000e+03,1.107000e+03,5.189092e+02,-2.146069e+00,        9
3.373000e+03,9.020000e+02,5.179764e+02,3.560561e+01,        9
7.310000e+02,2.600000e+02,4.226551e+02,6.884116e+01,        9
6.310000e+02,4.280000e+02,4.629497e+02,4.248725e+01,        9
4.059000e+03,8.000000e+02,4.785361e+02,3.842249e+01,        9
1.639000e+03,4.680000e+02,4.752989e+02,3.840786e+01,        9
5.670000e+02,1.690000e+02,3.973320e+02,1.230726e+02,        9
3.970000e+02,3.390000e+02,4.457181e+02,6.270969e+01,        9
1.860000e+03,6.920000e+02,4.983475e+02,2.291187e+01,        9
1.652000e+03,6.080000e+02,5.038466e+02,3.160205e+01,        9
7.170000e+02,3.380000e+02,4.467396e+02,6.500743e+01,        9
3.790000e+02,3.300000e+02,4.529989e+02,5.781043e+01,        9
3.570000e+02,3.040000e+02,4.449384e+02,4.676325e+01,        9
2.340000e+03,9.860000e+02,5.150379e+02,1.256787e+01,        9
2.259000e+03,5.950000e+02,4.839757e+02,3.781644e+01,        9
5.950000e+02,3.040000e+02,4.599805e+02,4.672196e+01,        9
2.034000e+03,6.120000e+02,4.892482e+02,1.069197e+02,        9
3.150000e+03,1.115000e+03,5.144909e+02,1.874298e+01,        9
1.486000e+03,3.420000e+02,4.345411e+02,5.285422e+01,        9
1.634000e+03,4.120000e+02,4.490643e+02,5.453849e+01,        9
1.322000e+03,6.470000e+02,4.856033e+02,1.778028e+01,        9
8.140000e+02,4.120000e+02,4.725659e+02,5.866251e+01,        9
1.001000e+03,5.740000e+02,4.988743e+02,2.241733e+01,        9
5.840000e+02,3.060000e+02,4.538304e+02,5.354262e+01,        9
1.284000e+03,6.700000e+02,5.149668e+02,1.532136e+01,        9
4.330000e+02,2.390000e+02,4.113895e+02,7.821902e+01,        9
4.390000e+02,4.050000e+02,4.443079e+02,3.131135e+01,        9
3.090000e+02,2.430000e+02,4.063948e+02,7.370483e+01,        9
1.993000e+03,9.790000e+02,5.147480e+02,1.659218e+01,        9
2.449000e+03,6.650000e+02,4.767173e+02,2.728703e+01,        9
2.769000e+03,7.200000e+02,4.977627e+02,7.273308e+01,        9
4.000000e+01,1.930000e+02,1.113299e+02,2.294715e+02,        9
4.800000e+02,3.320000e+02,4.317463e+02,5.879030e+01,        9
1.620000e+03,8.150000e+02,5.083036e+02,2.993189e+01,        9
5.530000e+02,1.930000e+02,4.233553e+02,6.842090e+01,        9
6.420000e+02,5.250000e+02,4.895328e+02,3.169862e+01,        9
6.000000e+02,3.390000e+02,4.546938e+02,4.584020e+01,        9
4.960000e+02,4.500000e+02,4.766147e+02,2.418728e+01,        9
2.465000e+03,1.088000e+03,5.192899e+02,1.592024e+00,        9
1.319000e+03,4.050000e+02,4.583073e+02,3.923156e+01,        9
1.007000e+03,3.440000e+02,4.561207e+02,5.190608e+01,        9
4.573000e+03,1.197000e+03,5.215055e+02,1.170759e+01,        9
1.634000e+03,3.190000e+02,4.472708e+02,1.162591e+02,        9
4.942000e+03,1.217000e+03,5.167805e+02,4.740905e+00,        9
2.054000e+03,5.330000e+02,4.634285e+02,1.578507e+01,        9
6.440000e+02,2.060000e+02,4.037528e+02,9.106943e+01,        9
4.950000e+02,2.670000e+02,4.024376e+02,1.699862e+02,        9
3.570000e+02,3.970000e+02,4.107685e+02,1.801756e+02,        9
8.210000e+02,6.330000e+02,5.009351e+02,4.833354e+01,        9
2.640000e+03,1.026000e+03,5.093492e+02,8.877262e+00,        9
2.725000e+03,6.410000e+02,4.667873e+02,1.603505e+01,        9
2.120000e+03,7.370000e+02,5.008991e+02,3.532856e+01,        9
4.018000e+03,8.080000e+02,4.888490e+02,2.735404e+01,        9
1.835000e+03,4.820000e+02,4.583959e+02,3.563927e+01,        9
1.187000e+03,5.070000e+02,4.757424e+02,2.569612e+01,        9
5.800000e+02,2.850000e+02,4.466052e+02,6.039713e+01,        9
2.940000e+02,2.820000e+02,4.264178e+02,7.326078e+01,        9
3.370000e+02,2.950000e+02,4.308852e+02,6.908409e+01,        9
5.210000e+02,3.820000e+02,4.590364e+02,4.171896e+01,        9
7.110000e+02,4.580000e+02,4.760351e+02,3.912561e+01,        9
4.380000e+02,2.670000e+02,4.236581e+02,6.935920e+01,        9
5.930000e+02,4.180000e+02,4.685670e+02,4.037984e+01,        9
9.940000e+02,5.280000e+02,4.795385e+02,3.184696e+01,        9
5.190000e+02,3.000000e+02,4.384954e+02,5.183661e+01,        9
1.081000e+03,5.860000e+02,4.980672e+02,2.666834e+01,        9
2.038000e+03,8.010000e+02,5.109401e+02,3.092671e+01,        9
7.720000e+02,2.950000e+02,4.320075e+02,5.256012e+01,        9
3.560000e+02,2.990000e+02,4.396721e+02,5.277506e+01,        9
     2000,8.020000e+02,5.066557e+02,1.818068e+01,        9
3.113000e+03,1.055000e+03,5.193188e+02,1.460662e+01,        9
2.039000e+03,6.260000e+02,4.715481e+02,1.130251e+01,        9
4.410000e+02,2.640000e+02,4.201461e+02,4.837784e+01,        9
2.940000e+02,2.880000e+02,4.092634e+02,5.931012e+01,        9
3.170000e+02,3.480000e+02,4.261518e+02,3.939056e+01,        9
3.500000e+02,2.950000e+02,4.223379e+02,4.414515e+01,        9
4.970000e+02,3.830000e+02,4.568203e+02,4.731056e+01,        9
3.820000e+02,2.880000e+02,4.242324e+02,6.253012e+01,        9
4.410000e+02,3.810000e+02,4.514542e+02,4.946910e+01,        9
3.210000e+02,3.020000e+02,4.321274e+02,5.867668e+01,        9
      250,3.240000e+02,4.314112e+02,6.201798e+01,        9
2.990000e+02,3.440000e+02,4.361602e+02,3.401667e+01,        9
2.540000e+02,2.440000e+02,3.934500e+02,6.012544e+01,        9
9.050000e+02,6.100000e+02,4.735415e+02,2.038792e+01,        9
5.020000e+02,3.290000e+02,4.396661e+02,4.626846e+01,        9
3.680000e+02,2.750000e+02,4.446735e+02,5.470668e+01,        9
4.180000e+02,3.760000e+02,4.426987e+02,4.854633e+01,        9
2.335000e+03,1.043000e+03,5.287539e+02,8.336835e+00,        9
3.687000e+03,7.890000e+02,4.859375e+02,2.855771e+01,        9
8.030000e+02,3.570000e+02,4.332721e+02,4.230712e+01,        9
3.370000e+02,2.950000e+02,4.229148e+02,6.479892e+01,        9
7.250000e+02,4.510000e+02,4.541562e+02,4.516453e+01,        9
5.190000e+02,3.660000e+02,4.609291e+02,4.622528e+01,        9
2.370000e+02,2.900000e+02,4.098581e+02,6.422220e+01,        9
5.410000e+02,4.790000e+02,4.740668e+02,3.462680e+01,        9
2.483000e+03,1.056000e+03,5.131196e+02,4.874383e+00,        9
7.313000e+03,1.169000e+03,5.128610e+02,7.528411e+00,        9
5.946000e+03,1.175000e+03,5.165957e+02,1.648164e+01,        9
1.582000e+03,5.370000e+02,4.783814e+02,2.848727e+01,        9
3.550000e+02,2.570000e+02,4.106266e+02,5.442130e+01,        9
6.580000e+02,4.880000e+02,4.765168e+02,4.168530e+01,        9
1.102000e+03,5.970000e+02,4.875499e+02,4.091087e+01,        9
6.520000e+02,3.820000e+02,4.483596e+02,3.644715e+01,        9
9.610000e+02,5.040000e+02,4.556067e+02,3.745969e+01,        9
6.790000e+02,4.800000e+02,4.679448e+02,2.389314e+01,        9
4.820000e+02,3.500000e+02,4.613108e+02,4.385231e+01,        9
6.390000e+02,4.890000e+02,4.709198e+02,2.060875e+01,        9
1.160000e+03,6.550000e+02,5.056372e+02,1.988124e+01,        9
4.670000e+02,2.610000e+02,4.216517e+02,5.351860e+01,        9
1.367000e+03,7.360000e+02,4.954577e+02,1.719551e+01,        9
1.552000e+03,6.920000e+02,5.011260e+02,1.147972e+01,        9
4.240000e+02,2.670000e+02,4.137620e+02,8.591506e+01,        9
5.550000e+02,4.650000e+02,4.859072e+02,3.594638e+01,        9
7.350000e+02,4.630000e+02,4.646999e+02,2.729900e+01,        9
4.048000e+03,8.040000e+02,4.934820e+02,3.071327e+01,        9
9.450000e+02,1.790000e+02,4.216630e+02,1.128183e+02,        9
1.298000e+03,4.690000e+02,4.633006e+02,4.451744e+01,        9
5.300000e+02,2.980000e+02,4.470249e+02,6.115985e+01,        9
4.200000e+02,3.240000e+02,4.441730e+02,5.171632e+01,        9
3.530000e+02,3.060000e+02,4.340487e+02,7.404190e+01,        9
5.670000e+02,3.320000e+02,4.329862e+02,4.867029e+01,        9
7.610000e+02,4.570000e+02,4.633067e+02,4.823830e+01,        9
4.100000e+02,2.650000e+02,4.262866e+02,6.335054e+01,        9
2.270000e+02,2.650000e+02,4.098180e+02,8.342881e+01,        9
3.570000e+02,3.530000e+02,4.497783e+02,4.557477e+01,        9
2.272000e+03,9.640000e+02,5.027444e+02,1.580399e+01,        9
2.079000e+03,5.530000e+02,4.676043e+02,2.741106e+01,        9
5.850000e+02,3.350000e+02,4.594670e+02,4.597625e+01,        9
1.845000e+03,7.350000e+02,4.959083e+02,2.118273e+01,        9
9.500000e+02,3.760000e+02,4.367011e+02,4.445235e+01,        9
3.220000e+02,2.730000e+02,4.275747e+02,6.870774e+01,        9
2.703000e+03,1.033000e+03,5.030790e+02,1.556814e+01,        9
1.822000e+03,2.610000e+02,4.320384e+02,7.801250e+01,        9
1.660000e+03,7.020000e+02,4.694447e+02,2.580061e+01,        9
4.860000e+02,2.370000e+02,4.112257e+02,5.640913e+01,        9
3.350000e+02,3.180000e+02,4.389468e+02,4.930851e+01,        9
3.620000e+02,3.540000e+02,4.381127e+02,4.875123e+01,        9
9.630000e+02,5.710000e+02,4.859835e+02,3.765293e+01,        9
7.360000e+02,3.900000e+02,4.585178e+02,4.284777e+01,        9
1.057000e+03,6.070000e+02,5.010471e+02,2.212134e+01,        9
3.340000e+02,2.210000e+02,4.026639e+02,6.757399e+01,        9
2.670000e+02,3.250000e+02,4.346257e+02,5.943368e+01,        9
2.950000e+02,3.060000e+02,4.330138e+02,5.401371e+01,        9
2.910000e+02,3.560000e+02,4.340414e+02,5.297944e+01,        9
9.010000e+02,6.110000e+02,4.931816e+02,2.361713e+01,        9
4.450000e+02,2.610000e+02,4.289119e+02,7.480524e+01,        9
1.766000e+03,8.180000e+02,5.179530e+02,1.109697e+01,        9
1.995000e+03,7.540000e+02,5.035847e+02,7.243532e+00,        9
8.320000e+02,4.310000e+02,4.624481e+02,2.660942e+01,        9
5.250000e+02,3.560000e+02,4.633749e+02,4.163821e+01,        9
5.230000e+02,3.400000e+02,4.611223e+02,5.610538e+01,        9
6.590000e+02,4.890000e+02,4.812529e+02,3.371423e+01,        9
4.670000e+02,3.480000e+02,4.550692e+02,5.179597e+01,        9
5.690000e+02,4.310000e+02,4.685372e+02,3.959546e+01,        9
2.363000e+03,9.960000e+02,5.149910e+02,9.601029e+00,        9
5.855000e+03,1.253000e+03,5.236176e+02,6.058095e+00,        9
6.533000e+03,9.540000e+02,5.135266e+02,1.677440e+01,        9
2.490000e+03,9.250000e+02,5.174303e+02,2.475728e+01,        9
2.030000e+03,7.730000e+02,5.017825e+02,2.201685e+01,        9
8.460000e+02,4.020000e+02,4.363255e+02,3.589187e+01,        9
3.670000e+02,3.440000e+02,4.523128e+02,3.857615e+01,        9
4.760000e+02,3.320000e+02,4.167305e+02,4.512134e+01,        9
8.830000e+02,6.040000e+02,4.872016e+02,2.169109e+01,        9
2.741000e+03,1.101000e+03,5.236069e+02,8.506345e-01,        9
4.214000e+03,1.081000e+03,5.162253e+02,1.154473e+01,        9
1.328000e+03,4.470000e+02,4.728051e+02,4.844782e+01,        9
5.010000e+02,3.520000e+02,4.379124e+02,5.428038e+01,        9
4.720000e+02,4.140000e+02,4.621597e+02,4.835782e+01,        9
6.120000e+02,4.560000e+02,4.878195e+02,4.017837e+01,        9
4.051000e+03,8.030000e+02,4.794315e+02,3.386882e+01,        9
1.424000e+03,3.760000e+02,4.612120e+02,5.222204e+01,        9
6.990000e+02,3.710000e+02,4.569880e+02,4.350904e+01,        9
4.750000e+02,2.920000e+02,4.399981e+02,4.803144e+01,        9
1.652000e+03,6.620000e+02,4.909107e+02,2.922653e+01,        9
9.340000e+02,3.890000e+02,4.575841e+02,4.165862e+01,        9
2.519000e+03,9.600000e+02,5.034716e+02,9.366609e+00,        9
7.877000e+03,1.331000e+03,5.159871e+02,2.989184e+01,        9
2.428000e+03,2.770000e+02,4.515200e+02,4.944708e+01,        9
1.200000e+03,3.870000e+02,3.986415e+02,1.853837e+02,        9
2.470000e+03,8.260000e+02,5.001366e+02,1.127275e+01,        9
8.100000e+02,3.330000e+02,4.494947e+02,4.316554e+01,        9
5.260000e+02,3.910000e+02,4.414265e+02,3.851671e+01,        9
4.210000e+02,3.670000e+02,4.529718e+02,4.396377e+01,        9
2.860000e+02,3.130000e+02,4.240339e+02,6.241739e+01,        9
2.110000e+02,2.900000e+02,4.071312e+02,7.879891e+01,        9
9.480000e+02,6.610000e+02,4.910962e+02,1.885492e+01,        9
5.220000e+02,2.510000e+02,4.150639e+02,8.270064e+01,        9
4.090000e+02,3.910000e+02,4.377543e+02,3.177123e+01,        9
2.400000e+02,1.960000e+02,3.850523e+02,1.250182e+02,        9
3.790000e+02,4.020000e+02,4.505930e+02,3.364270e+01,        9
3.430000e+02,3.010000e+02,4.214570e+02,4.799733e+01,        9
2.700000e+02,3.220000e+02,4.332656e+02,5.215879e+01,        9
2.061000e+03,1.011000e+03,5.149117e+02,5.975594e+00,        9
2.638000e+03,6.910000e+02,4.860277e+02,2.951376e+01,        9
9.910000e+02,4.350000e+02,4.662111e+02,3.483866e+01,        9
1.117000e+03,5.630000e+02,4.660419e+02,3.385002e+01,        9
1.480000e+03,8.180000e+02,5.221317e+02,1.951692e+01,        9
4.440000e+02,2.210000e+02,4.227969e+02,8.912358e+01,        9
3.140000e+02,2.260000e+02,4.326347e+02,7.379587e+01,        9
3.500000e+02,3.560000e+02,4.579024e+02,6.149513e+01,        9
2.592000e+03,1.043000e+03,5.138341e+02,1.005055e+01,        9
1.309000e+03,4.290000e+02,4.689752e+02,5.493270e+01,        9
7.620000e+02,3.950000e+02,4.616788e+02,6.062885e+01,        9
8.680000e+02,3.630000e+02,4.553044e+02,4.424240e+01,        9
7.950000e+02,4.960000e+02,4.746995e+02,3.318057e+01,        9
4.190000e+02,2.610000e+02,4.266918e+02,7.286032e+01,        9
9.340000e+02,6.110000e+02,4.953995e+02,3.039781e+01,        9
6.040000e+02,3.560000e+02,4.557183e+02,3.623461e+01,        9
3.630000e+02,3.380000e+02,4.484660e+02,5.756360e+01,        9
3.180000e+02,3.170000e+02,4.453298e+02,7.089231e+01,        9
1.443000e+03,7.510000e+02,5.168801e+02,2.093067e+01,        9
1.308000e+03,5.970000e+02,4.890772e+02,1.417760e+01,        9
2.332000e+03,9.850000e+02,5.112704e+02,4.852980e+00,        9
1.404000e+03,4.420000e+02,4.679433e+02,3.677239e+01,        9
3.830000e+02,2.690000e+02,4.225541e+02,7.487969e+01,        9
4.170000e+02,3.110000e+02,4.492104e+02,7.119328e+01,        9
7.130000e+02,2.530000e+02,3.919170e+02,8.488281e+01,        9
2.810000e+02,4.250000e+02,4.483136e+02,3.543294e+01,        9
8.300000e+02,4.440000e+02,4.437901e+02,4.704193e+01,        9
4.210000e+02,3.970000e+02,4.399169e+02,4.089659e+01,        9
3.180000e+02,3.110000e+02,4.188555e+02,6.997594e+01,        9
2.760000e+02,3.320000e+02,4.398846e+02,5.191702e+01,        9
9.080000e+02,6.470000e+02,4.892099e+02,2.092833e+01,        9
9.920000e+02,5.310000e+02,4.737345e+02,2.493394e+01,        9
3.440000e+02,2.150000e+02,4.133322e+02,8.333618e+01,        9
1.222000e+03,7.180000e+02,4.952661e+02,1.971992e+01,        9
2.226000e+03,7.980000e+02,5.024774e+02,1.882188e+01,        9
7.580000e+02,3.570000e+02,4.370388e+02,3.629338e+01,        9
2.490000e+02,2.650000e+02,4.113071e+02,7.767547e+01,        9
2.097000e+03,9.370000e+02,5.278438e+02,1.670320e+01,        9
3.398000e+03,5.780000e+02,4.869888e+02,5.259335e+01,        9
1.497000e+03,4.840000e+02,4.700504e+02,3.351407e+01,        9
3.920000e+02,2.400000e+02,4.021288e+02,7.855173e+01,        9
3.100000e+02,2.510000e+02,3.968869e+02,6.834454e+01,        9
5.810000e+02,4.000000e+02,4.351747e+02,3.629153e+01,        9
1.023000e+03,5.300000e+02,4.917393e+02,2.736032e+01,        9
5.840000e+02,2.740000e+02,4.287673e+02,7.007207e+01,        9
1.239000e+03,6.280000e+02,5.020495e+02,2.839056e+01,        9
4.630000e+02,2.300000e+02,4.057377e+02,7.175740e+01,        9
3.660000e+02,3.220000e+02,4.443659e+02,6.196112e+01,        9
4.470000e+02,3.240000e+02,4.572651e+02,5.379289e+01,        9
8.080000e+02,5.230000e+02,4.740182e+02,3.423438e+01,        9
3.880000e+02,1.880000e+02,3.848623e+02,1.382075e+02,        9
3.140000e+02,3.460000e+02,4.487450e+02,5.052872e+01,        9
6.820000e+02,4.960000e+02,4.840118e+02,2.842696e+01,        9
4.610000e+02,2.900000e+02,4.484916e+02,6.516042e+01,        9
1.961000e+03,9.360000e+02,5.037010e+02,4.742562e+00,        9
1.374000e+03,4.250000e+02,4.501417e+02,4.783090e+01,        9
9.780000e+02,5.080000e+02,4.721372e+02,5.532459e+01,        9
2.051000e+03,7.800000e+02,5.118784e+02,1.887558e+01,        9
6.680000e+02,2.330000e+02,4.182042e+02,7.580475e+01,        9
3.250000e+02,3.150000e+02,4.253236e+02,5.668342e+01,        9
2.790000e+02,3.020000e+02,4.184015e+02,4.153509e+01,        9
3.020000e+02,3.090000e+02,4.310205e+02,4.707039e+01,        9
2.420000e+02,2.850000e+02,4.020292e+02,5.473822e+01,        9
3.410000e+02,3.790000e+02,4.235578e+02,4.548510e+01,        9
3.140000e+02,2.640000e+02,4.128064e+02,5.110915e+01,        9
3.770000e+02,3.930000e+02,4.483866e+02,4.377581e+01,        9
4.350000e+02,3.150000e+02,4.356988e+02,5.613647e+01,        9
4.740000e+02,4.550000e+02,4.719389e+02,5.612182e+01,        9
4.560000e+02,3.370000e+02,4.627673e+02,5.127286e+01,        9
4.350000e+02,3.420000e+02,4.547750e+02,5.372594e+01,        9
1.991000e+03,9.740000e+02,5.088271e+02,8.304016e+00,        9
5.855000e+03,1.247000e+03,5.276223e+02,1.051273e+01,        9
6.449000e+03,8.940000e+02,4.947252e+02,2.884129e+01,        9
3.737000e+03,1.093000e+03,5.160148e+02,1.984480e+01,        9
1.291000e+03,4.290000e+02,4.435748e+02,4.878276e+01,        9
1.458000e+03,6.570000e+02,4.884529e+02,2.248793e+01,        9
3.840000e+02,2.400000e+02,4.119107e+02,6.312285e+01,        9
4.065000e+03,1.217000e+03,5.225681e+02,2.310763e+01,        9
4.677000e+03,1.198000e+03,5.244701e+02,2.935474e+00,        9
3.632000e+03,9.240000e+02,5.165686e+02,1.764377e+01,        9
1.920000e+03,6.490000e+02,4.680120e+02,2.054301e+01,        9
1.604000e+03,7.420000e+02,5.095578e+02,5.036848e+01,        9
1.065000e+03,4.580000e+02,4.794049e+02,4.457558e+01,        9
6.850000e+02,4.370000e+02,4.920732e+02,4.027094e+01,        9
1.041000e+03,5.860000e+02,4.857325e+02,2.171226e+01,        9
6.070000e+02,3.930000e+02,4.647987e+02,2.706280e+01,        9
2.902000e+03,1.111000e+03,5.209594e+02,1.927966e+01,        9
2.005000e+03,5.620000e+02,4.869998e+02,2.542899e+01,        9
1.897000e+03,7.610000e+02,5.079797e+02,1.804230e+01,        9
4.910000e+02,2.250000e+02,4.288820e+02,7.233629e+01,        9
3.142000e+03,5.750000e+02,4.897101e+02,2.825734e+01,        9
1.246000e+03,4.510000e+02,4.687291e+02,3.772712e+01,        9
6.490000e+02,2.820000e+02,4.290606e+02,5.720884e+01,        9
1.356000e+03,6.180000e+02,4.974164e+02,2.555643e+01,        9
8.450000e+02,3.690000e+02,4.539036e+02,4.197752e+01,        9
3.770000e+02,2.800000e+02,4.295457e+02,6.988814e+01,        9
7.740000e+02,4.670000e+02,4.683667e+02,4.220830e+01,        9
4.430000e+02,3.030000e+02,4.304539e+02,6.036453e+01,        9
2.660000e+02,2.510000e+02,4.079449e+02,9.986097e+01,        9
2.870000e+02,3.580000e+02,4.403567e+02,5.444856e+01,        9
9.840000e+02,4.870000e+02,4.534883e+02,4.943166e+01,        9
4.680000e+02,3.480000e+02,4.576093e+02,5.924173e+01,        9
1.945000e+03,8.540000e+02,5.255072e+02,1.561208e+01,        9
4.278000e+03,1.131000e+03,5.106210e+02,1.040965e+01,        9
1.299000e+03,3.560000e+02,4.392212e+02,5.014378e+01,        9
8.715000e+03,1.355000e+03,5.253353e+02,5.883064e+00,        9
1.149000e+03,3.260000e+02,4.305316e+02,4.650814e+01,        9
3.320000e+02,2.600000e+02,4.069192e+02,7.687920e+01,        9
8.020000e+02,5.620000e+02,4.745020e+02,1.232207e+01,        9
3.710000e+02,1.970000e+02,4.012579e+02,8.943455e+01,        9
3.330000e+02,3.430000e+02,4.400038e+02,4.805734e+01,        9
4.000000e+02,3.940000e+02,4.603887e+02,4.709061e+01,        9
2.015000e+03,8.360000e+02,5.173862e+02,1.926321e+01,        9
6.890000e+02,2.680000e+02,4.255212e+02,7.465792e+01,        9
2.320000e+02,3.170000e+02,4.098869e+02,4.866309e+01,        9
2.490000e+02,3.080000e+02,4.163889e+02,6.136909e+01,        9
2.550000e+02,2.320000e+02,3.979146e+02,7.839500e+01,        9
3.170000e+02,4.220000e+02,4.463190e+02,3.871850e+01,        9
4.870000e+02,3.260000e+02,4.394430e+02,4.781256e+01,        9
5.650000e+02,4.930000e+02,4.613142e+02,4.030630e+01,        9
3.880000e+02,2.790000e+02,4.194110e+02,7.816088e+01,        9
4.690000e+02,4.520000e+02,4.704249e+02,3.054278e+01,        9
2.044000e+03,1.002000e+03,5.119836e+02,4.225202e+00,        9
1.637000e+03,5.070000e+02,4.648952e+02,2.457689e+01,        9
1.190000e+03,4.740000e+02,4.430063e+02,3.572942e+01,        9
2.530000e+02,2.750000e+02,4.176309e+02,7.029011e+01,        9
3.530000e+02,3.170000e+02,4.362092e+02,5.305285e+01,        9
6.160000e+02,3.680000e+02,4.534969e+02,6.234087e+01,        9
3.910000e+02,3.740000e+02,4.511778e+02,5.263226e+01,        9
5.700000e+02,4.660000e+02,4.803281e+02,3.820358e+01,        9
2.720000e+02,2.730000e+02,4.196042e+02,6.898196e+01,        9
3.070000e+02,2.930000e+02,4.023138e+02,7.522513e+01,        9
3.890000e+02,4.610000e+02,4.662793e+02,3.683946e+01,        9
3.730000e+02,3.080000e+02,4.196833e+02,4.631191e+01,        9
1.978000e+03,1.014000e+03,5.217403e+02,5.392852e+00,        9
9.630000e+02,2.250000e+02,3.918284e+02,1.198346e+02,        9
3.910000e+02,1.900000e+02,4.049126e+02,1.095467e+02,        9
4.370000e+02,3.360000e+02,4.420422e+02,5.266202e+01,        9
1.810000e+02,2.650000e+02,3.745550e+02,1.021837e+02,        9
1.810000e+02,2.670000e+02,4.028297e+02,8.618870e+01,        9
3.320000e+02,3.740000e+02,4.495874e+02,5.427824e+01,        9
7.160000e+02,5.370000e+02,4.874362e+02,3.672518e+01,        9
6.300000e+02,4.060000e+02,4.570903e+02,2.807672e+01,        9
4.790000e+02,3.110000e+02,4.396343e+02,4.575874e+01,        9
2.615000e+03,1.109000e+03,5.198263e+02,1.070098e+01,        9
1.654000e+03,6.210000e+02,4.916392e+02,1.250963e+01,        9
4.940000e+02,2.590000e+02,4.209662e+02,5.478057e+01,        9
3.230000e+02,2.820000e+02,4.370936e+02,5.766502e+01,        9
6.060000e+02,4.670000e+02,4.647944e+02,2.191502e+01,        9
3.970000e+02,3.000000e+02,4.312946e+02,3.642486e+01,        9
3.140000e+02,3.140000e+02,4.327680e+02,4.981455e+01,        9
3.140000e+02,3.360000e+02,4.370932e+02,6.149237e+01,        9
1.993000e+03,1.017000e+03,5.073139e+02,2.815384e-01,        9
1.038000e+03,2.270000e+02,4.105113e+02,7.192127e+01,        9
5.550000e+02,3.810000e+02,4.540694e+02,4.639427e+01,        9
7.830000e+02,4.290000e+02,4.567130e+02,3.732939e+01,        9
3.460000e+02,2.440000e+02,4.072587e+02,8.111721e+01,        9
6.620000e+02,5.670000e+02,4.924650e+02,2.684847e+01,        9
7.090000e+02,3.950000e+02,4.562915e+02,4.069637e+01,        9
3.070000e+02,2.680000e+02,4.218035e+02,5.935962e+01,        9
2.395000e+03,1.035000e+03,5.119001e+02,7.279006e-02,        9
4.041000e+03,8.140000e+02,4.733371e+02,1.616559e+01,        9
1.540000e+03,4.180000e+02,4.599202e+02,4.088919e+01,        9
1.057000e+03,4.090000e+02,4.655394e+02,5.393098e+01,        9
1.313000e+03,5.410000e+02,4.902003e+02,3.935777e+01,        9
4.810000e+02,2.490000e+02,4.231181e+02,7.379884e+01,        9
6.350000e+02,4.720000e+02,4.745661e+02,3.779235e+01,        9
4.090000e+02,2.510000e+02,4.178231e+02,6.978456e+01,        9
5.570000e+02,4.650000e+02,4.621482e+02,3.421783e+01,        9
5.430000e+02,3.670000e+02,4.580211e+02,3.743577e+01,        9
7.450000e+02,4.620000e+02,4.723430e+02,2.979546e+01,        9
2.357000e+03,9.480000e+02,5.048068e+02,1.985753e+01,        9
1.513000e+03,4.510000e+02,4.608271e+02,1.746480e+01,        9
1.492000e+03,6.480000e+02,4.930468e+02,1.754285e+01,        9
6.480000e+02,3.550000e+02,4.525042e+02,4.095396e+01,        9
3.800000e+02,2.570000e+02,4.285805e+02,6.284591e+01,        9
1.138000e+03,6.510000e+02,5.057390e+02,2.778273e+01,        9
9.510000e+02,4.840000e+02,4.812476e+02,3.130751e+01,        9
4.920000e+02,2.580000e+02,4.202372e+02,7.815800e+01,        9
3.600000e+02,2.690000e+02,4.276409e+02,5.232593e+01,        9
4.280000e+02,4.000000e+02,4.562717e+02,4.161710e+01,        9
5.220000e+02,      375,4.577183e+02,5.038823e+01,        9
8.850000e+02,5.140000e+02,4.708664e+02,1.948497e+01,        9
4.490000e+02,3.250000e+02,4.389777e+02,4.945253e+01,        9
2.740000e+02,2.850000e+02,4.186452e+02,5.527975e+01,        9
4.630000e+02,4.430000e+02,4.651667e+02,4.720562e+01,        9
4.770000e+02,3.110000e+02,4.394518e+02,6.194001e+01,        9
1.081000e+03,6.540000e+02,4.963455e+02,7.780865e+00,        9
4.470000e+02,2.460000e+02,4.136702e+02,5.352319e+01,        9
1.746000e+03,7.880000e+02,5.017625e+02,9.611733e+00,        9
2.508000e+03,7.160000e+02,4.896058e+02,3.048572e+01,        9
8.830000e+02,4.070000e+02,4.588673e+02,3.922215e+01,        9
4.810000e+02,3.880000e+02,4.685165e+02,4.420737e+01,        9
4.170000e+02,3.310000e+02,4.645520e+02,3.964924e+01,        9
2.857000e+03,1.054000e+03,5.178840e+02,6.537104e+00,        9
7.860000e+02,1.340000e+02,3.921700e+02,1.634393e+02,        9
1.520000e+03,5.480000e+02,4.889755e+02,3.217695e+01,        9
8.600000e+02,3.320000e+02,4.398557e+02,3.401322e+01,        9
7.080000e+02,4.770000e+02,4.413046e+02,2.889137e+01,        9
4.170000e+02,3.640000e+02,4.484548e+02,3.692570e+01,        9
3.760000e+02,3.830000e+02,4.454801e+02,4.106001e+01,        9
4.420000e+02,3.180000e+02,4.325005e+02,5.338581e+01,        9
3.380000e+02,2.440000e+02,4.062858e+02,7.457297e+01,        9
4.020000e+02,3.230000e+02,4.460699e+02,9.378731e+01,        9
3.480000e+02,2.420000e+02,4.417602e+02,5.659917e+01,        9
4.030000e+02,4.520000e+02,4.629588e+02,4.514497e+01,        9
3.410000e+02,2.640000e+02,4.336229e+02,6.966136e+01,        9
3.230000e+02,3.290000e+02,4.407048e+02,4.712548e+01,        9
2.890000e+02,3.470000e+02,4.387361e+02,4.861360e+01,        9
2.550000e+02,2.920000e+02,4.278894e+02,6.152852e+01,        9
1.415000e+03,8.040000e+02,5.119868e+02,1.642807e+01,        9
5.360000e+02,2.790000e+02,4.273430e+02,4.667300e+01,        9
4.130000e+02,3.940000e+02,4.537123e+02,4.451235e+01,        9
2.404000e+03,1.066000e+03,5.212960e+02,9.172083e+00,        9
1.682000e+03,4.980000e+02,4.629679e+02,4.010300e+01,        9
1.082000e+03,4.810000e+02,4.595638e+02,3.892994e+01,        9
6.050000e+02,4.550000e+02,4.511925e+02,3.662168e+01,        9
3.006000e+03,1.105000e+03,5.195790e+02,2.929259e+00,        9
3.227000e+03,3.550000e+02,4.368753e+02,7.049708e+01,        9
6.380000e+02,1.840000e+02,4.259859e+02,9.482905e+01,        9
1.220000e+03,4.020000e+02,4.665274e+02,3.578078e+01,        9
6.360000e+02,4.040000e+02,4.468508e+02,4.444968e+01,        9
2.700000e+02,2.710000e+02,4.116010e+02,5.770503e+01,        9
3.060000e+02,3.990000e+02,4.318521e+02,3.781668e+01,        9
6.650000e+02,4.870000e+02,4.480870e+02,4.463677e+01,        9
3.650000e+02,3.590000e+02,4.397807e+02,3.817390e+01,        9
2.550000e+02,2.910000e+02,4.167688e+02,6.275091e+01,        9
4.580000e+02,4.640000e+02,4.666244e+02,2.429158e+01,        9
1.374000e+03,7.770000e+02,5.046771e+02,2.073877e+01,        9
